cod_tuss,fonte,id_pessoa,sexo,dt_utilizacao,valor_pago,ano_utilizacao,ano_mes_utilizacao,idade_cat,DescricaoProcedimentoFinal,teste_ou_treino,mes,um,subgrupo_tuss,classe,Subgrupo
10101012,Rede D'or,68e91bae36bfc73aad2bbf5288c65131,0,2017-12-01,89.6,2017,2017-12,3.0,EM CONSULTORIO (NO HORARIO NORMAL OU PREESTABELECIDO),Treino,12,1,CONSULTAS,Consulta,Consulta
10101012,Rede D'or,ad5791c1e122deb7829724030c539e5b,0,2018-08-23,89.6,2018,2018-08,3.0,EM CONSULTORIO (NO HORARIO NORMAL OU PREESTABELECIDO),Treino,8,1,CONSULTAS,Consulta,Consulta
10101012,Rede D'or,def81392db738417e2a3ffa815901b3a,0,2018-06-06,90.0,2018,2018-06,3.0,EM CONSULTORIO (NO HORARIO NORMAL OU PREESTABELECIDO),Treino,6,1,CONSULTAS,Consulta,Consulta
10101012,Rede D'or,35efaae352a35224a86b0afac09c58c6,0,2018-01-19,47.4,2018,2018-01,4.0,EM CONSULTORIO (NO HORARIO NORMAL OU PREESTABELECIDO),Treino,1,1,CONSULTAS,Consulta,Consulta
10101012,Rede D'or,2b617ace585e62a590d2f322a02429da,1,2017-10-31,85.0,2017,2017-10,3.0,EM CONSULTORIO (NO HORARIO NORMAL OU PREESTABELECIDO),Treino,10,1,CONSULTAS,Consulta,Consulta
10101012,Rede D'or,e71160773d49cf47c791505e535a13f8,1,2018-06-30,89.6,2018,2018-06,4.0,EM CONSULTORIO (NO HORARIO NORMAL OU PREESTABELECIDO),Treino,6,1,CONSULTAS,Consulta,Consulta
10101039,Rede D'or,35efaae352a35224a86b0afac09c58c6,0,2018-09-27,367.5,2018,2018-09,4.0,EM PRONTO SOCORRO,Treino,9,1,CONSULTAS,Consulta,Consulta
10101039,Rede D'or,ad5791c1e122deb7829724030c539e5b,0,2018-09-18,360.0,2018,2018-09,3.0,EM PRONTO SOCORRO,Treino,9,1,CONSULTAS,Consulta,Consulta
10101039,Rede D'or,def81392db738417e2a3ffa815901b3a,0,2018-12-21,73.0,2018,2018-12,3.0,EM PRONTO SOCORRO,Treino,12,1,CONSULTAS,Consulta,Consulta
10101039,Rede D'or,68e91bae36bfc73aad2bbf5288c65131,0,2019-01-10,340.8,2019,2019-01,3.0,EM PRONTO SOCORRO,Teste,1,1,CONSULTAS,Consulta,Consulta
10101039,Rede D'or,2b617ace585e62a590d2f322a02429da,1,2017-10-07,250.0,2017,2017-10,3.0,EM PRONTO SOCORRO,Treino,10,1,CONSULTAS,Consulta,Consulta
10101039,Rede D'or,e71160773d49cf47c791505e535a13f8,1,2018-11-28,320.0,2018,2018-11,4.0,EM PRONTO SOCORRO,Treino,11,1,CONSULTAS,Consulta,Consulta
20104065,Rede D'or,ad5791c1e122deb7829724030c539e5b,0,2018-04-30,26.26,2018,2018-04,3.0,CERUMEN - REMOCAO - UNILATERAL,Treino,4,1,TERAPIA CLÍNICA AMBULATORIAL,Tratamentos,Terapia Clínica Ambulatorial (Tratamentos)
20104065,Rede D'or,e71160773d49cf47c791505e535a13f8,1,2019-06-07,26.26,2019,2019-06,4.0,CERUMEN - REMOCAO - UNILATERAL,Teste,6,1,TERAPIA CLÍNICA AMBULATORIAL,Tratamentos,Terapia Clínica Ambulatorial (Tratamentos)
20104294,Rede D'or,ad5791c1e122deb7829724030c539e5b,0,2018-06-04,159.3,2018,2018-06,3.0,TERAPIA ONCOLOGICA - PLANEJAMENTO E 1? DIA DE TRATAMENTO,Treino,6,1,TERAPIA CLÍNICA AMBULATORIAL,Tratamentos,Terapia Clínica Ambulatorial (Tratamentos)
20104294,Rede D'or,e71160773d49cf47c791505e535a13f8,1,2019-11-25,175.73,2019,2019-11,4.0,TERAPIA ONCOLOGICA - PLANEJAMENTO E 1? DIA DE TRATAMENTO,Teste,11,1,TERAPIA CLÍNICA AMBULATORIAL,Tratamentos,Terapia Clínica Ambulatorial (Tratamentos)
20104308,Rede D'or,ad5791c1e122deb7829724030c539e5b,0,2018-07-30,31.08,2018,2018-07,3.0,TERAPIA ONCOLOGICA - POR DIA SUBSEQUENTE DE TRATAMENTO (ATE O INICIO DO PROXIMO CICLO),Treino,7,1,TERAPIA CLÍNICA AMBULATORIAL,Tratamentos,Terapia Clínica Ambulatorial (Tratamentos)
20104308,Rede D'or,e71160773d49cf47c791505e535a13f8,1,2019-12-09,34.62,2019,2019-12,4.0,TERAPIA ONCOLOGICA - POR DIA SUBSEQUENTE DE TRATAMENTO (ATE O INICIO DO PROXIMO CICLO),Teste,12,1,TERAPIA CLÍNICA AMBULATORIAL,Tratamentos,Terapia Clínica Ambulatorial (Tratamentos)
30101212,Rede D'or,def81392db738417e2a3ffa815901b3a,0,2018-08-28,92.6,2018,2018-08,3.0,CURATIVO DE QUEIMADURAS - POR UNIDADE TOPOGRAFICA (UT) AMBULATORIAL,Treino,8,1,PROCEDIMENTOS CIRÚRGICOS DE PELE E TECIDO CELULAR SUBCUTÂNEO/ANEXOS,Cirurgias,Procedimentos Cirúrgicos De Pele E Tecido Celular Subcutâneo/Anexos (Cirurgias)
30101298,Rede D'or,e71160773d49cf47c791505e535a13f8,1,2019-06-03,48.1,2019,2019-06,4.0,ELETROCOAGULACAO DE LESOES DE PELE E MUCOSAS - COM OU SEM CURETAGEM (POR GRUPO DE ATE 5 LESOES),Teste,6,1,PROCEDIMENTOS CIRÚRGICOS DE PELE E TECIDO CELULAR SUBCUTÂNEO/ANEXOS,Cirurgias,Procedimentos Cirúrgicos De Pele E Tecido Celular Subcutâneo/Anexos (Cirurgias)
30101522,Rede D'or,68e91bae36bfc73aad2bbf5288c65131,0,2019-11-01,1203.31,2019,2019-11,3.0,"EXTENSOS FERIMENTOS, CICATRIZES OU TUMORES - EXCISAO E RETALHOS CUTANEOS DA REGIAO",Teste,11,1,PROCEDIMENTOS CIRÚRGICOS DE PELE E TECIDO CELULAR SUBCUTÂNEO/ANEXOS,Cirurgias,Procedimentos Cirúrgicos De Pele E Tecido Celular Subcutâneo/Anexos (Cirurgias)
30101921,Rede D'or,e71160773d49cf47c791505e535a13f8,1,2019-06-03,142.88,2019,2019-06,4.0,"EXERESE E SUTURA DE HEMANGIOMA, LINFANGIOMA OU NEVUS (POR GRUPO DE ATE 5 LESOES)",Teste,6,1,PROCEDIMENTOS CIRÚRGICOS DE PELE E TECIDO CELULAR SUBCUTÂNEO/ANEXOS,Cirurgias,Procedimentos Cirúrgicos De Pele E Tecido Celular Subcutâneo/Anexos (Cirurgias)
30501440,Rede D'or,ad5791c1e122deb7829724030c539e5b,0,2018-03-24,1434.6,2018,2018-03,3.0,TUMOR INTRANASAL - EXERESE POR VIA TRANSNASAL,Treino,3,1,PROCEDIMENTOS CIRÚRGICOS DO NARIZ,Cirurgias,Procedimentos Cirúrgicos Do Nariz (Cirurgias)
30502187,Rede D'or,ad5791c1e122deb7829724030c539e5b,0,2018-03-24,143.46,2018,2018-03,3.0,RESSECCAO DE TUMOR BENIGNO,Treino,3,1,PROCEDIMENTOS CIRÚRGICOS DOS SEIOS PARANASAIS,Cirurgias,Procedimentos Cirúrgicos Dos Seios Paranasais (Cirurgias)
30913101,Rede D'or,e71160773d49cf47c791505e535a13f8,1,2019-11-20,280.86,2019,2019-11,4.0,"IMPLANTE CIRURGICO DE CATETER DE LONGA PERMANENCIA PARA NPP, QT OU PARA HEMODEPURACAO",Teste,11,1,ACESSOS VASCULARES,Cirurgias,Acessos Vasculares (Cirurgias)
31302017,Rede D'or,68e91bae36bfc73aad2bbf5288c65131,0,2019-08-27,68.05,2019,2019-08,3.0,BIOPSIA DE VAGINA,Teste,8,1,PROCEDIMENTOS CIRÚRGICOS DA VAGINA,Cirurgias,Procedimentos Cirúrgicos Da Vagina (Cirurgias)
31303021,Rede D'or,68e91bae36bfc73aad2bbf5288c65131,0,2018-10-11,33.36,2018,2018-10,3.0,BIOPSIA DO COLO UTERINO,Treino,10,1,PROCEDIMENTOS CIRÚRGICOS DO ÚTERO,Cirurgias,Procedimentos Cirúrgicos Do Útero (Cirurgias)
31303170,Rede D'or,def81392db738417e2a3ffa815901b3a,0,2019-01-21,139.99,2019,2019-01,3.0,"HISTEROSCOPIA CIRURGICA COM BIOPSIA E/OU CURETAGEM UTERINA, LISE DE SINEQUIAS, RETIRADA DE CORPO ESTRANHO",Teste,1,1,PROCEDIMENTOS CIRÚRGICOS DO ÚTERO,Cirurgias,Procedimentos Cirúrgicos Do Útero (Cirurgias)
31303293,Rede D'or,def81392db738417e2a3ffa815901b3a,0,2018-10-29,175.0,2018,2018-10,3.0,IMPLANTE DE DISPOSITIVO INTRA-UTERINO (DIU) HORMONAL,Treino,10,1,PROCEDIMENTOS CIRÚRGICOS DO ÚTERO,Cirurgias,Procedimentos Cirúrgicos Do Útero (Cirurgias)
31307140,Rede D'or,def81392db738417e2a3ffa815901b3a,0,2018-10-29,147.0,2018,2018-10,3.0,SECCAO DE LIGAMENTOS UTERO-SACROS,Treino,10,1,PROCEDIMENTOS CIRÚRGICOS DA CAVIDADE E PAREDES PÉLVICAS,Cirurgias,Procedimentos Cirúrgicos Da Cavidade E Paredes Pélvicas (Cirurgias)
31307183,Rede D'or,def81392db738417e2a3ffa815901b3a,0,2018-10-29,517.57,2018,2018-10,3.0,ENDOMETRIOSE PERITONEAL - TRATAMENTO CIRURGICO VIA LAPAROSCOPICA,Treino,10,1,PROCEDIMENTOS CIRÚRGICOS DA CAVIDADE E PAREDES PÉLVICAS,Cirurgias,Procedimentos Cirúrgicos Da Cavidade E Paredes Pélvicas (Cirurgias)
31601014,Rede D'or,e71160773d49cf47c791505e535a13f8,1,2018-06-14,638.5,2018,2018-06,4.0,ACUPUNTURA POR SESSAO,Treino,6,1,ACUPUNTURA,Cirurgias,Acupuntura (Cirurgias)
31602231,Rede D'or,ad5791c1e122deb7829724030c539e5b,0,2018-09-20,477.08,2018,2018-09,3.0,ANESTESIA PARA ENDOSCOPIA DIAGNOSTICA,Treino,9,1,BLOQUEIOS ANESTÉSICOS DE NERVOS E ESTÍMULOS NEUROVASCULARES,Cirurgias,Bloqueios Anestésicos De Nervos E Estímulos Neurovasculares (Cirurgias)
31602312,Rede D'or,def81392db738417e2a3ffa815901b3a,0,2018-10-29,52.52,2018,2018-10,3.0,ANESTESIA PARA PROCEDIMENTOS CLINICOS AMBULATORIAIS E HOSPITALARES,Treino,10,1,BLOQUEIOS ANESTÉSICOS DE NERVOS E ESTÍMULOS NEUROVASCULARES,Cirurgias,Bloqueios Anestésicos De Nervos E Estímulos Neurovasculares (Cirurgias)
40101010,Rede D'or,35efaae352a35224a86b0afac09c58c6,0,2018-01-29,21.37,2018,2018-01,4.0,ECG CONVENCIONAL DE ATE 12 DERIVACOES,Treino,1,1,ECG - TE,Exames,Ecg - Te (Exames)
40101010,Rede D'or,68e91bae36bfc73aad2bbf5288c65131,0,2017-12-01,19.76,2017,2017-12,3.0,ECG CONVENCIONAL DE ATE 12 DERIVACOES,Treino,12,1,ECG - TE,Exames,Ecg - Te (Exames)
40101010,Rede D'or,def81392db738417e2a3ffa815901b3a,0,2018-08-23,24.63,2018,2018-08,3.0,ECG CONVENCIONAL DE ATE 12 DERIVACOES,Treino,8,1,ECG - TE,Exames,Ecg - Te (Exames)
40101010,Rede D'or,ad5791c1e122deb7829724030c539e5b,0,2018-02-09,24.07,2018,2018-02,3.0,ECG CONVENCIONAL DE ATE 12 DERIVACOES,Treino,2,1,ECG - TE,Exames,Ecg - Te (Exames)
40101010,Rede D'or,2b617ace585e62a590d2f322a02429da,1,2019-05-06,20.35,2019,2019-05,4.0,ECG CONVENCIONAL DE ATE 12 DERIVACOES,Teste,5,1,ECG - TE,Exames,Ecg - Te (Exames)
40101045,Rede D'or,2b617ace585e62a590d2f322a02429da,1,2017-12-22,124.8,2017,2017-12,3.0,TESTE ERGOMETRICO CONVENCIONAL - 3 OU MAIS DERIVACOES SIMULTANEAS (INCLUI ECG BASAL CONVENCIONAL),Treino,12,1,ECG - TE,Exames,Ecg - Te (Exames)
40103072,Rede D'or,35efaae352a35224a86b0afac09c58c6,0,2018-02-24,20.79,2018,2018-02,4.0,AUDIOMETRIA TONAL,Treino,2,1,PROCEDIMENTOS DIAGNÓSTICOS DO SISTEMA NERVOSO,Exames,Procedimentos Diagnósticos Do Sistema Nervoso (Exames)
40103439,Rede D'or,35efaae352a35224a86b0afac09c58c6,0,2018-02-24,27.29,2018,2018-02,4.0,IMPEDANCIOMETRIA - TIMPANOMETRIA,Treino,2,1,PROCEDIMENTOS DIAGNÓSTICOS DO SISTEMA NERVOSO,Exames,Procedimentos Diagnósticos Do Sistema Nervoso (Exames)
40201082,Rede D'or,ad5791c1e122deb7829724030c539e5b,0,2018-09-20,258.86,2018,2018-09,3.0,COLONOSCOPIA (INCLUI A RETOSSIGMOIDOSCOPIA),Treino,9,1,ENDOSCOPIA DIAGNÓSTICA,Exames,Endoscopia Diagnóstica (Exames)
40201120,Rede D'or,ad5791c1e122deb7829724030c539e5b,0,2018-07-26,445.2,2018,2018-07,3.0,ENDOSCOPIA DIGESTIVA ALTA,Treino,7,1,ENDOSCOPIA DIAGNÓSTICA,Exames,Endoscopia Diagnóstica (Exames)
40201120,Rede D'or,35efaae352a35224a86b0afac09c58c6,0,2019-09-16,173.16,2019,2019-09,4.0,ENDOSCOPIA DIGESTIVA ALTA,Teste,9,1,ENDOSCOPIA DIAGNÓSTICA,Exames,Endoscopia Diagnóstica (Exames)
40201155,Rede D'or,ad5791c1e122deb7829724030c539e5b,0,2019-10-18,450.0,2019,2019-10,4.0,HISTEROSCOPIA DIAGNOSTICA COM BIOPSIA,Teste,10,1,ENDOSCOPIA DIAGNÓSTICA,Exames,Endoscopia Diagnóstica (Exames)
40201180,Rede D'or,ad5791c1e122deb7829724030c539e5b,0,2018-08-21,70.61,2018,2018-08,3.0,RETOSSIGMOIDOSCOPIA RIGIDA,Treino,8,1,ENDOSCOPIA DIAGNÓSTICA,Exames,Endoscopia Diagnóstica (Exames)
40202038,Rede D'or,ad5791c1e122deb7829724030c539e5b,0,2017-08-05,82.83,2017,2017-08,3.0,ENDOSCOPIA DIGESTIVA ALTA COM BIOPSIA E/OU CITOLOGIA,Treino,8,1,ENDOSCOPIA INTERVENCIONISTA,Exames,Endoscopia Intervencionista (Exames)
40202429,Rede D'or,ad5791c1e122deb7829724030c539e5b,0,2018-10-01,112.05,2018,2018-10,3.0,LARINGOSCOPIA/TRAQUEOSCOPIA PARA DIAGNOSTICO E BIOPSIA (TUBO RIGIDO),Treino,10,1,ENDOSCOPIA INTERVENCIONISTA,Exames,Endoscopia Intervencionista (Exames)
40202488,Rede D'or,35efaae352a35224a86b0afac09c58c6,0,2018-03-22,47.06,2018,2018-03,4.0,NASOFIBROLARINGOSCOPIA PARA DIGNOSTICO E/OU BIOPSIA,Treino,3,1,ENDOSCOPIA INTERVENCIONISTA,Exames,Endoscopia Intervencionista (Exames)
40202488,Rede D'or,ad5791c1e122deb7829724030c539e5b,0,2018-04-30,58.82,2018,2018-04,3.0,NASOFIBROLARINGOSCOPIA PARA DIGNOSTICO E/OU BIOPSIA,Treino,4,1,ENDOSCOPIA INTERVENCIONISTA,Exames,Endoscopia Intervencionista (Exames)
40202550,Rede D'or,ad5791c1e122deb7829724030c539e5b,0,2017-08-05,446.86,2017,2017-08,3.0,"POLIPECTOMIA DO ESOFAGO, ESTOMAGO OU DUODENO (INDEPENDENTE DO NUMERO DE POLIPOS)",Treino,8,1,ENDOSCOPIA INTERVENCIONISTA,Exames,Endoscopia Intervencionista (Exames)
40301060,Rede D'or,def81392db738417e2a3ffa815901b3a,0,2019-02-27,2.68,2019,2019-02,3.0,"ACIDO ASCORBICO (VITAMINA C), DOSAGEM",Teste,2,1,PROCEDIMENTOS DIAGNÓSTICOS DE BIOQUÍMICA,Exames,Procedimentos Diagnósticos De Bioquímica (Exames)
40301087,Rede D'or,def81392db738417e2a3ffa815901b3a,0,2019-02-27,16.25,2019,2019-02,3.0,"ACIDO FOLICO, DOSAGEM NOS ERITROCITOS",Teste,2,1,PROCEDIMENTOS DIAGNÓSTICOS DE BIOQUÍMICA,Exames,Procedimentos Diagnósticos De Bioquímica (Exames)
40301087,Rede D'or,2b617ace585e62a590d2f322a02429da,1,2019-10-21,18.84,2019,2019-10,4.0,"ACIDO FOLICO, DOSAGEM NOS ERITROCITOS",Teste,10,1,PROCEDIMENTOS DIAGNÓSTICOS DE BIOQUÍMICA,Exames,Procedimentos Diagnósticos De Bioquímica (Exames)
40301125,Rede D'or,35efaae352a35224a86b0afac09c58c6,0,2019-08-18,10.09,2019,2019-08,4.0,"ACIDO OXALICO, DOSAGEM",Teste,8,1,PROCEDIMENTOS DIAGNÓSTICOS DE BIOQUÍMICA,Exames,Procedimentos Diagnósticos De Bioquímica (Exames)
40301150,Rede D'or,2b617ace585e62a590d2f322a02429da,1,2017-11-19,4.15,2017,2017-11,3.0,"ACIDO URICO, DOSAGEM",Treino,11,1,PROCEDIMENTOS DIAGNÓSTICOS DE BIOQUÍMICA,Exames,Procedimentos Diagnósticos De Bioquímica (Exames)
40301150,Rede D'or,def81392db738417e2a3ffa815901b3a,0,2017-11-12,2.59,2017,2017-11,3.0,"ACIDO URICO, DOSAGEM",Treino,11,1,PROCEDIMENTOS DIAGNÓSTICOS DE BIOQUÍMICA,Exames,Procedimentos Diagnósticos De Bioquímica (Exames)
40301150,Rede D'or,35efaae352a35224a86b0afac09c58c6,0,2018-08-23,4.72,2018,2018-08,4.0,"ACIDO URICO, DOSAGEM",Treino,8,1,PROCEDIMENTOS DIAGNÓSTICOS DE BIOQUÍMICA,Exames,Procedimentos Diagnósticos De Bioquímica (Exames)
40301150,Rede D'or,e71160773d49cf47c791505e535a13f8,1,2019-12-18,3.97,2019,2019-12,4.0,"ACIDO URICO, DOSAGEM",Teste,12,1,PROCEDIMENTOS DIAGNÓSTICOS DE BIOQUÍMICA,Exames,Procedimentos Diagnósticos De Bioquímica (Exames)
40301257,Rede D'or,35efaae352a35224a86b0afac09c58c6,0,2018-08-23,13.5,2018,2018-08,4.0,"ALFA-1-GLICOPROTEINA ACIDA, DOSAGEM",Treino,8,1,PROCEDIMENTOS DIAGNÓSTICOS DE BIOQUÍMICA,Exames,Procedimentos Diagnósticos De Bioquímica (Exames)
40301281,Rede D'or,35efaae352a35224a86b0afac09c58c6,0,2018-01-24,4.04,2018,2018-01,4.0,"AMILASE, DOSAGEM",Treino,1,1,PROCEDIMENTOS DIAGNÓSTICOS DE BIOQUÍMICA,Exames,Procedimentos Diagnósticos De Bioquímica (Exames)
40301281,Rede D'or,2b617ace585e62a590d2f322a02429da,1,2019-10-21,4.4,2019,2019-10,4.0,"AMILASE, DOSAGEM",Teste,10,1,PROCEDIMENTOS DIAGNÓSTICOS DE BIOQUÍMICA,Exames,Procedimentos Diagnósticos De Bioquímica (Exames)
40301397,Rede D'or,2b617ace585e62a590d2f322a02429da,1,2017-11-19,4.45,2017,2017-11,3.0,"BILIRRUBINAS (DIRETA, INDIRETA E TOTAL), DOSAGEM",Treino,11,1,PROCEDIMENTOS DIAGNÓSTICOS DE BIOQUÍMICA,Exames,Procedimentos Diagnósticos De Bioquímica (Exames)
40301397,Rede D'or,def81392db738417e2a3ffa815901b3a,0,2017-11-12,2.78,2017,2017-11,3.0,"BILIRRUBINAS (DIRETA, INDIRETA E TOTAL), DOSAGEM",Treino,11,1,PROCEDIMENTOS DIAGNÓSTICOS DE BIOQUÍMICA,Exames,Procedimentos Diagnósticos De Bioquímica (Exames)
40301397,Rede D'or,e71160773d49cf47c791505e535a13f8,1,2019-11-14,5.12,2019,2019-11,4.0,"BILIRRUBINAS (DIRETA, INDIRETA E TOTAL), DOSAGEM",Teste,11,1,PROCEDIMENTOS DIAGNÓSTICOS DE BIOQUÍMICA,Exames,Procedimentos Diagnósticos De Bioquímica (Exames)
40301400,Rede D'or,def81392db738417e2a3ffa815901b3a,0,2018-08-19,2.61,2018,2018-08,3.0,"CALCIO, DOSAGEM",Treino,8,1,PROCEDIMENTOS DIAGNÓSTICOS DE BIOQUÍMICA,Exames,Procedimentos Diagnósticos De Bioquímica (Exames)
40301400,Rede D'or,35efaae352a35224a86b0afac09c58c6,0,2018-11-11,4.58,2018,2018-11,4.0,"CALCIO, DOSAGEM",Treino,11,1,PROCEDIMENTOS DIAGNÓSTICOS DE BIOQUÍMICA,Exames,Procedimentos Diagnósticos De Bioquímica (Exames)
40301400,Rede D'or,68e91bae36bfc73aad2bbf5288c65131,0,2019-09-03,4.33,2019,2019-09,3.0,"CALCIO, DOSAGEM",Teste,9,1,PROCEDIMENTOS DIAGNÓSTICOS DE BIOQUÍMICA,Exames,Procedimentos Diagnósticos De Bioquímica (Exames)
40301400,Rede D'or,2b617ace585e62a590d2f322a02429da,1,2019-10-21,4.4,2019,2019-10,4.0,"CALCIO, DOSAGEM",Teste,10,1,PROCEDIMENTOS DIAGNÓSTICOS DE BIOQUÍMICA,Exames,Procedimentos Diagnósticos De Bioquímica (Exames)
40301400,Rede D'or,e71160773d49cf47c791505e535a13f8,1,2019-12-18,3.97,2019,2019-12,4.0,"CALCIO, DOSAGEM",Teste,12,1,PROCEDIMENTOS DIAGNÓSTICOS DE BIOQUÍMICA,Exames,Procedimentos Diagnósticos De Bioquímica (Exames)
40301508,Rede D'or,35efaae352a35224a86b0afac09c58c6,0,2019-08-18,8.43,2019,2019-08,4.0,CLEARANCE DE CREATININA,Teste,8,1,PROCEDIMENTOS DIAGNÓSTICOS DE BIOQUÍMICA,Exames,Procedimentos Diagnósticos De Bioquímica (Exames)
40301583,Rede D'or,2b617ace585e62a590d2f322a02429da,1,2017-11-19,7.42,2017,2017-11,3.0,"COLESTEROL (HDL), DOSAGEM",Treino,11,1,PROCEDIMENTOS DIAGNÓSTICOS DE BIOQUÍMICA,Exames,Procedimentos Diagnósticos De Bioquímica (Exames)
40301583,Rede D'or,68e91bae36bfc73aad2bbf5288c65131,0,2017-12-28,7.85,2017,2017-12,3.0,"COLESTEROL (HDL), DOSAGEM",Treino,12,1,PROCEDIMENTOS DIAGNÓSTICOS DE BIOQUÍMICA,Exames,Procedimentos Diagnósticos De Bioquímica (Exames)
40301591,Rede D'or,2b617ace585e62a590d2f322a02429da,1,2017-11-19,8.9,2017,2017-11,3.0,"COLESTEROL (LDL), DOSAGEM",Treino,11,1,PROCEDIMENTOS DIAGNÓSTICOS DE BIOQUÍMICA,Exames,Procedimentos Diagnósticos De Bioquímica (Exames)
40301591,Rede D'or,68e91bae36bfc73aad2bbf5288c65131,0,2017-12-28,9.42,2017,2017-12,3.0,"COLESTEROL (LDL), DOSAGEM",Treino,12,1,PROCEDIMENTOS DIAGNÓSTICOS DE BIOQUÍMICA,Exames,Procedimentos Diagnósticos De Bioquímica (Exames)
40301605,Rede D'or,2b617ace585e62a590d2f322a02429da,1,2017-11-19,4.15,2017,2017-11,3.0,"COLESTEROL TOTAL, DOSAGEM",Treino,11,1,PROCEDIMENTOS DIAGNÓSTICOS DE BIOQUÍMICA,Exames,Procedimentos Diagnósticos De Bioquímica (Exames)
40301605,Rede D'or,68e91bae36bfc73aad2bbf5288c65131,0,2017-12-28,4.39,2017,2017-12,3.0,"COLESTEROL TOTAL, DOSAGEM",Treino,12,1,PROCEDIMENTOS DIAGNÓSTICOS DE BIOQUÍMICA,Exames,Procedimentos Diagnósticos De Bioquímica (Exames)
40301630,Rede D'or,ad5791c1e122deb7829724030c539e5b,0,2018-08-07,4.72,2018,2018-08,3.0,"CREATININA, DOSAGEM",Treino,8,1,PROCEDIMENTOS DIAGNÓSTICOS DE BIOQUÍMICA,Exames,Procedimentos Diagnósticos De Bioquímica (Exames)
40301630,Rede D'or,68e91bae36bfc73aad2bbf5288c65131,0,2017-12-28,4.39,2017,2017-12,3.0,"CREATININA, DOSAGEM",Treino,12,1,PROCEDIMENTOS DIAGNÓSTICOS DE BIOQUÍMICA,Exames,Procedimentos Diagnósticos De Bioquímica (Exames)
40301630,Rede D'or,2b617ace585e62a590d2f322a02429da,1,2017-11-19,4.15,2017,2017-11,3.0,"CREATININA, DOSAGEM",Treino,11,1,PROCEDIMENTOS DIAGNÓSTICOS DE BIOQUÍMICA,Exames,Procedimentos Diagnósticos De Bioquímica (Exames)
40301630,Rede D'or,def81392db738417e2a3ffa815901b3a,0,2017-11-12,2.59,2017,2017-11,3.0,"CREATININA, DOSAGEM",Treino,11,1,PROCEDIMENTOS DIAGNÓSTICOS DE BIOQUÍMICA,Exames,Procedimentos Diagnósticos De Bioquímica (Exames)
40301630,Rede D'or,35efaae352a35224a86b0afac09c58c6,0,2018-11-11,4.58,2018,2018-11,4.0,"CREATININA, DOSAGEM",Treino,11,1,PROCEDIMENTOS DIAGNÓSTICOS DE BIOQUÍMICA,Exames,Procedimentos Diagnósticos De Bioquímica (Exames)
40301630,Rede D'or,e71160773d49cf47c791505e535a13f8,1,2019-12-04,4.78,2019,2019-12,4.0,"CREATININA, DOSAGEM",Teste,12,1,PROCEDIMENTOS DIAGNÓSTICOS DE BIOQUÍMICA,Exames,Procedimentos Diagnósticos De Bioquímica (Exames)
40301648,Rede D'or,2b617ace585e62a590d2f322a02429da,1,2017-11-19,14.84,2017,2017-11,3.0,"CREATINO FOSFOQUINASE TOTAL (CK), DOSAGEM",Treino,11,1,PROCEDIMENTOS DIAGNÓSTICOS DE BIOQUÍMICA,Exames,Procedimentos Diagnósticos De Bioquímica (Exames)
40301648,Rede D'or,def81392db738417e2a3ffa815901b3a,0,2017-11-12,9.25,2017,2017-11,3.0,"CREATINO FOSFOQUINASE TOTAL (CK), DOSAGEM",Treino,11,1,PROCEDIMENTOS DIAGNÓSTICOS DE BIOQUÍMICA,Exames,Procedimentos Diagnósticos De Bioquímica (Exames)
40301729,Rede D'or,2b617ace585e62a590d2f322a02429da,1,2017-11-19,8.9,2017,2017-11,3.0,"DESIDROGENASE LACTICA, DOSAGEM",Treino,11,1,PROCEDIMENTOS DIAGNÓSTICOS DE BIOQUÍMICA,Exames,Procedimentos Diagnósticos De Bioquímica (Exames)
40301729,Rede D'or,ad5791c1e122deb7829724030c539e5b,0,2018-04-13,7.92,2018,2018-04,3.0,"DESIDROGENASE LACTICA, DOSAGEM",Treino,4,1,PROCEDIMENTOS DIAGNÓSTICOS DE BIOQUÍMICA,Exames,Procedimentos Diagnósticos De Bioquímica (Exames)
40301729,Rede D'or,e71160773d49cf47c791505e535a13f8,1,2019-12-04,10.24,2019,2019-12,4.0,"DESIDROGENASE LACTICA, DOSAGEM",Teste,12,1,PROCEDIMENTOS DIAGNÓSTICOS DE BIOQUÍMICA,Exames,Procedimentos Diagnósticos De Bioquímica (Exames)
40301761,Rede D'or,def81392db738417e2a3ffa815901b3a,0,2017-11-12,7.39,2017,2017-11,3.0,ELETROFERESE DE PROTEINAS,Treino,11,1,PROCEDIMENTOS DIAGNÓSTICOS DE BIOQUÍMICA,Exames,Procedimentos Diagnósticos De Bioquímica (Exames)
40301761,Rede D'or,e71160773d49cf47c791505e535a13f8,1,2019-10-31,13.6,2019,2019-10,4.0,ELETROFERESE DE PROTEINAS,Teste,10,1,PROCEDIMENTOS DIAGNÓSTICOS DE BIOQUÍMICA,Exames,Procedimentos Diagnósticos De Bioquímica (Exames)
40301842,Rede D'or,35efaae352a35224a86b0afac09c58c6,0,2019-08-18,6.07,2019,2019-08,4.0,"FERRO SERICO, DOSAGEM",Teste,8,1,PROCEDIMENTOS DIAGNÓSTICOS DE BIOQUÍMICA,Exames,Procedimentos Diagnósticos De Bioquímica (Exames)
40301842,Rede D'or,2b617ace585e62a590d2f322a02429da,1,2019-10-21,5.67,2019,2019-10,4.0,"FERRO SERICO, DOSAGEM",Teste,10,1,PROCEDIMENTOS DIAGNÓSTICOS DE BIOQUÍMICA,Exames,Procedimentos Diagnósticos De Bioquímica (Exames)
40301842,Rede D'or,e71160773d49cf47c791505e535a13f8,1,2019-11-14,6.15,2019,2019-11,4.0,"FERRO SERICO, DOSAGEM",Teste,11,1,PROCEDIMENTOS DIAGNÓSTICOS DE BIOQUÍMICA,Exames,Procedimentos Diagnósticos De Bioquímica (Exames)
40301885,Rede D'or,def81392db738417e2a3ffa815901b3a,0,2017-11-12,3.33,2017,2017-11,3.0,"FOSFATASE ALCALINA, DOSAGEM",Treino,11,1,PROCEDIMENTOS DIAGNÓSTICOS DE BIOQUÍMICA,Exames,Procedimentos Diagnósticos De Bioquímica (Exames)
40301885,Rede D'or,2b617ace585e62a590d2f322a02429da,1,2017-11-19,5.34,2017,2017-11,3.0,"FOSFATASE ALCALINA, DOSAGEM",Treino,11,1,PROCEDIMENTOS DIAGNÓSTICOS DE BIOQUÍMICA,Exames,Procedimentos Diagnósticos De Bioquímica (Exames)
40301885,Rede D'or,ad5791c1e122deb7829724030c539e5b,0,2018-06-19,4.8,2018,2018-06,3.0,"FOSFATASE ALCALINA, DOSAGEM",Treino,6,1,PROCEDIMENTOS DIAGNÓSTICOS DE BIOQUÍMICA,Exames,Procedimentos Diagnósticos De Bioquímica (Exames)
40301885,Rede D'or,e71160773d49cf47c791505e535a13f8,1,2019-12-18,5.1,2019,2019-12,4.0,"FOSFATASE ALCALINA, DOSAGEM",Teste,12,1,PROCEDIMENTOS DIAGNÓSTICOS DE BIOQUÍMICA,Exames,Procedimentos Diagnósticos De Bioquímica (Exames)
40301931,Rede D'or,e71160773d49cf47c791505e535a13f8,1,2019-12-04,4.78,2019,2019-12,4.0,"FOSFORO, DOSAGEM",Teste,12,1,PROCEDIMENTOS DIAGNÓSTICOS DE BIOQUÍMICA,Exames,Procedimentos Diagnósticos De Bioquímica (Exames)
40301990,Rede D'or,35efaae352a35224a86b0afac09c58c6,0,2018-01-24,5.76,2018,2018-01,4.0,"GAMA-GLUTAMIL TRANSFERASE, DOSAGEM",Treino,1,1,PROCEDIMENTOS DIAGNÓSTICOS DE BIOQUÍMICA,Exames,Procedimentos Diagnósticos De Bioquímica (Exames)
40301990,Rede D'or,2b617ace585e62a590d2f322a02429da,1,2017-11-19,5.92,2017,2017-11,3.0,"GAMA-GLUTAMIL TRANSFERASE, DOSAGEM",Treino,11,1,PROCEDIMENTOS DIAGNÓSTICOS DE BIOQUÍMICA,Exames,Procedimentos Diagnósticos De Bioquímica (Exames)
40301990,Rede D'or,def81392db738417e2a3ffa815901b3a,0,2017-11-12,3.7,2017,2017-11,3.0,"GAMA-GLUTAMIL TRANSFERASE, DOSAGEM",Treino,11,1,PROCEDIMENTOS DIAGNÓSTICOS DE BIOQUÍMICA,Exames,Procedimentos Diagnósticos De Bioquímica (Exames)
40301990,Rede D'or,ad5791c1e122deb7829724030c539e5b,0,2018-05-28,5.27,2018,2018-05,3.0,"GAMA-GLUTAMIL TRANSFERASE, DOSAGEM",Treino,5,1,PROCEDIMENTOS DIAGNÓSTICOS DE BIOQUÍMICA,Exames,Procedimentos Diagnósticos De Bioquímica (Exames)
40301990,Rede D'or,e71160773d49cf47c791505e535a13f8,1,2019-11-14,6.82,2019,2019-11,4.0,"GAMA-GLUTAMIL TRANSFERASE, DOSAGEM",Teste,11,1,PROCEDIMENTOS DIAGNÓSTICOS DE BIOQUÍMICA,Exames,Procedimentos Diagnósticos De Bioquímica (Exames)
40302016,Rede D'or,ad5791c1e122deb7829724030c539e5b,0,2018-06-12,20.87,2018,2018-06,3.0,"GASOMETRIA (PH, PCO2, SA, O2, EXCESSO BASE), DOSAGEM",Treino,6,1,PROCEDIMENTOS DIAGNÓSTICOS DE BIOQUÍMICA,Exames,Procedimentos Diagnósticos De Bioquímica (Exames)
40302024,Rede D'or,ad5791c1e122deb7829724030c539e5b,0,2018-07-16,25.16,2018,2018-07,3.0,"GASOMETRIA + HB + HT + NA +  K + CL + CA + GLICOSE + LACTATO (QUANDO EFETUADO NO GASOMETRO), DOSAGEM",Treino,7,1,PROCEDIMENTOS DIAGNÓSTICOS DE BIOQUÍMICA,Exames,Procedimentos Diagnósticos De Bioquímica (Exames)
40302040,Rede D'or,ad5791c1e122deb7829724030c539e5b,0,2018-11-12,3.74,2018,2018-11,3.0,GLICOSE,Treino,11,1,PROCEDIMENTOS DIAGNÓSTICOS DE BIOQUÍMICA,Exames,Procedimentos Diagnósticos De Bioquímica (Exames)
40302040,Rede D'or,def81392db738417e2a3ffa815901b3a,0,2017-11-12,2.59,2017,2017-11,3.0,GLICOSE,Treino,11,1,PROCEDIMENTOS DIAGNÓSTICOS DE BIOQUÍMICA,Exames,Procedimentos Diagnósticos De Bioquímica (Exames)
40302040,Rede D'or,35efaae352a35224a86b0afac09c58c6,0,2017-09-02,4.04,2017,2017-09,4.0,GLICOSE,Treino,9,1,PROCEDIMENTOS DIAGNÓSTICOS DE BIOQUÍMICA,Exames,Procedimentos Diagnósticos De Bioquímica (Exames)
40302040,Rede D'or,2b617ace585e62a590d2f322a02429da,1,2017-11-19,4.15,2017,2017-11,3.0,GLICOSE,Treino,11,1,PROCEDIMENTOS DIAGNÓSTICOS DE BIOQUÍMICA,Exames,Procedimentos Diagnósticos De Bioquímica (Exames)
40302040,Rede D'or,68e91bae36bfc73aad2bbf5288c65131,0,2017-12-28,4.39,2017,2017-12,3.0,GLICOSE,Treino,12,1,PROCEDIMENTOS DIAGNÓSTICOS DE BIOQUÍMICA,Exames,Procedimentos Diagnósticos De Bioquímica (Exames)
40302075,Rede D'or,2b617ace585e62a590d2f322a02429da,1,2017-11-19,13.34,2017,2017-11,3.0,"HEMOGLOBINA GLICADA (A1 TOTAL), DOSAGEM",Treino,11,1,PROCEDIMENTOS DIAGNÓSTICOS DE BIOQUÍMICA,Exames,Procedimentos Diagnósticos De Bioquímica (Exames)
40302075,Rede D'or,ad5791c1e122deb7829724030c539e5b,0,2018-11-12,11.99,2018,2018-11,3.0,"HEMOGLOBINA GLICADA (A1 TOTAL), DOSAGEM",Treino,11,1,PROCEDIMENTOS DIAGNÓSTICOS DE BIOQUÍMICA,Exames,Procedimentos Diagnósticos De Bioquímica (Exames)
40302075,Rede D'or,e71160773d49cf47c791505e535a13f8,1,2019-11-14,15.34,2019,2019-11,4.0,"HEMOGLOBINA GLICADA (A1 TOTAL), DOSAGEM",Teste,11,1,PROCEDIMENTOS DIAGNÓSTICOS DE BIOQUÍMICA,Exames,Procedimentos Diagnósticos De Bioquímica (Exames)
40302237,Rede D'or,35efaae352a35224a86b0afac09c58c6,0,2019-08-18,5.39,2019,2019-08,4.0,"MAGNESIO, DOSAGEM",Teste,8,1,PROCEDIMENTOS DIAGNÓSTICOS DE BIOQUÍMICA,Exames,Procedimentos Diagnósticos De Bioquímica (Exames)
40302237,Rede D'or,68e91bae36bfc73aad2bbf5288c65131,0,2019-09-03,4.94,2019,2019-09,3.0,"MAGNESIO, DOSAGEM",Teste,9,1,PROCEDIMENTOS DIAGNÓSTICOS DE BIOQUÍMICA,Exames,Procedimentos Diagnósticos De Bioquímica (Exames)
40302237,Rede D'or,2b617ace585e62a590d2f322a02429da,1,2019-10-21,5.03,2019,2019-10,4.0,"MAGNESIO, DOSAGEM",Teste,10,1,PROCEDIMENTOS DIAGNÓSTICOS DE BIOQUÍMICA,Exames,Procedimentos Diagnósticos De Bioquímica (Exames)
40302237,Rede D'or,e71160773d49cf47c791505e535a13f8,1,2019-12-18,4.53,2019,2019-12,4.0,"MAGNESIO, DOSAGEM",Teste,12,1,PROCEDIMENTOS DIAGNÓSTICOS DE BIOQUÍMICA,Exames,Procedimentos Diagnósticos De Bioquímica (Exames)
40302318,Rede D'or,35efaae352a35224a86b0afac09c58c6,0,2018-06-03,4.04,2018,2018-06,4.0,"POTASSIO, DOSAGEM",Treino,6,1,PROCEDIMENTOS DIAGNÓSTICOS DE BIOQUÍMICA,Exames,Procedimentos Diagnósticos De Bioquímica (Exames)
40302318,Rede D'or,2b617ace585e62a590d2f322a02429da,1,2017-11-19,4.15,2017,2017-11,3.0,"POTASSIO, DOSAGEM",Treino,11,1,PROCEDIMENTOS DIAGNÓSTICOS DE BIOQUÍMICA,Exames,Procedimentos Diagnósticos De Bioquímica (Exames)
40302318,Rede D'or,def81392db738417e2a3ffa815901b3a,0,2017-11-12,2.59,2017,2017-11,3.0,"POTASSIO, DOSAGEM",Treino,11,1,PROCEDIMENTOS DIAGNÓSTICOS DE BIOQUÍMICA,Exames,Procedimentos Diagnósticos De Bioquímica (Exames)
40302318,Rede D'or,ad5791c1e122deb7829724030c539e5b,0,2018-08-07,4.72,2018,2018-08,3.0,"POTASSIO, DOSAGEM",Treino,8,1,PROCEDIMENTOS DIAGNÓSTICOS DE BIOQUÍMICA,Exames,Procedimentos Diagnósticos De Bioquímica (Exames)
40302318,Rede D'or,68e91bae36bfc73aad2bbf5288c65131,0,2019-09-03,4.33,2019,2019-09,3.0,"POTASSIO, DOSAGEM",Teste,9,1,PROCEDIMENTOS DIAGNÓSTICOS DE BIOQUÍMICA,Exames,Procedimentos Diagnósticos De Bioquímica (Exames)
40302318,Rede D'or,e71160773d49cf47c791505e535a13f8,1,2019-12-04,4.78,2019,2019-12,4.0,"POTASSIO, DOSAGEM",Teste,12,1,PROCEDIMENTOS DIAGNÓSTICOS DE BIOQUÍMICA,Exames,Procedimentos Diagnósticos De Bioquímica (Exames)
40302385,Rede D'or,e71160773d49cf47c791505e535a13f8,1,2019-12-04,5.12,2019,2019-12,4.0,"PROTEINAS TOTAIS ALBUMINA E GLOBULINA, DOSAGEM",Teste,12,1,PROCEDIMENTOS DIAGNÓSTICOS DE BIOQUÍMICA,Exames,Procedimentos Diagnósticos De Bioquímica (Exames)
40302423,Rede D'or,2b617ace585e62a590d2f322a02429da,1,2017-11-19,4.15,2017,2017-11,3.0,"SODIO, DOSAGEM",Treino,11,1,PROCEDIMENTOS DIAGNÓSTICOS DE BIOQUÍMICA,Exames,Procedimentos Diagnósticos De Bioquímica (Exames)
40302423,Rede D'or,def81392db738417e2a3ffa815901b3a,0,2017-11-12,2.59,2017,2017-11,3.0,"SODIO, DOSAGEM",Treino,11,1,PROCEDIMENTOS DIAGNÓSTICOS DE BIOQUÍMICA,Exames,Procedimentos Diagnósticos De Bioquímica (Exames)
40302423,Rede D'or,ad5791c1e122deb7829724030c539e5b,0,2018-07-16,4.72,2018,2018-07,3.0,"SODIO, DOSAGEM",Treino,7,1,PROCEDIMENTOS DIAGNÓSTICOS DE BIOQUÍMICA,Exames,Procedimentos Diagnósticos De Bioquímica (Exames)
40302423,Rede D'or,35efaae352a35224a86b0afac09c58c6,0,2018-06-03,4.04,2018,2018-06,4.0,"SODIO, DOSAGEM",Treino,6,1,PROCEDIMENTOS DIAGNÓSTICOS DE BIOQUÍMICA,Exames,Procedimentos Diagnósticos De Bioquímica (Exames)
40302423,Rede D'or,68e91bae36bfc73aad2bbf5288c65131,0,2019-09-03,4.33,2019,2019-09,3.0,"SODIO, DOSAGEM",Teste,9,1,PROCEDIMENTOS DIAGNÓSTICOS DE BIOQUÍMICA,Exames,Procedimentos Diagnósticos De Bioquímica (Exames)
40302423,Rede D'or,e71160773d49cf47c791505e535a13f8,1,2019-12-04,4.78,2019,2019-12,4.0,"SODIO, DOSAGEM",Teste,12,1,PROCEDIMENTOS DIAGNÓSTICOS DE BIOQUÍMICA,Exames,Procedimentos Diagnósticos De Bioquímica (Exames)
40302504,Rede D'or,ad5791c1e122deb7829724030c539e5b,0,2018-06-19,3.74,2018,2018-06,3.0,"TRANSAMINASE OXALACETICA (AMINO TRANSFERASE ASPARTATO), DOSAGEM",Treino,6,1,PROCEDIMENTOS DIAGNÓSTICOS DE BIOQUÍMICA,Exames,Procedimentos Diagnósticos De Bioquímica (Exames)
40302504,Rede D'or,68e91bae36bfc73aad2bbf5288c65131,0,2017-12-28,4.39,2017,2017-12,3.0,"TRANSAMINASE OXALACETICA (AMINO TRANSFERASE ASPARTATO), DOSAGEM",Treino,12,1,PROCEDIMENTOS DIAGNÓSTICOS DE BIOQUÍMICA,Exames,Procedimentos Diagnósticos De Bioquímica (Exames)
40302504,Rede D'or,2b617ace585e62a590d2f322a02429da,1,2017-11-19,4.15,2017,2017-11,3.0,"TRANSAMINASE OXALACETICA (AMINO TRANSFERASE ASPARTATO), DOSAGEM",Treino,11,1,PROCEDIMENTOS DIAGNÓSTICOS DE BIOQUÍMICA,Exames,Procedimentos Diagnósticos De Bioquímica (Exames)
40302504,Rede D'or,def81392db738417e2a3ffa815901b3a,0,2017-11-12,2.59,2017,2017-11,3.0,"TRANSAMINASE OXALACETICA (AMINO TRANSFERASE ASPARTATO), DOSAGEM",Treino,11,1,PROCEDIMENTOS DIAGNÓSTICOS DE BIOQUÍMICA,Exames,Procedimentos Diagnósticos De Bioquímica (Exames)
40302504,Rede D'or,35efaae352a35224a86b0afac09c58c6,0,2018-01-24,4.04,2018,2018-01,4.0,"TRANSAMINASE OXALACETICA (AMINO TRANSFERASE ASPARTATO), DOSAGEM",Treino,1,1,PROCEDIMENTOS DIAGNÓSTICOS DE BIOQUÍMICA,Exames,Procedimentos Diagnósticos De Bioquímica (Exames)
40302504,Rede D'or,e71160773d49cf47c791505e535a13f8,1,2019-12-18,3.94,2019,2019-12,4.0,"TRANSAMINASE OXALACETICA (AMINO TRANSFERASE ASPARTATO), DOSAGEM",Teste,12,1,PROCEDIMENTOS DIAGNÓSTICOS DE BIOQUÍMICA,Exames,Procedimentos Diagnósticos De Bioquímica (Exames)
40302512,Rede D'or,35efaae352a35224a86b0afac09c58c6,0,2018-01-24,4.04,2018,2018-01,4.0,"TRANSAMINASE PIRUVICA (AMINO TRANSFERASE DE ALANINA), DOSAGEM",Treino,1,1,PROCEDIMENTOS DIAGNÓSTICOS DE BIOQUÍMICA,Exames,Procedimentos Diagnósticos De Bioquímica (Exames)
40302512,Rede D'or,ad5791c1e122deb7829724030c539e5b,0,2018-07-28,3.74,2018,2018-07,3.0,"TRANSAMINASE PIRUVICA (AMINO TRANSFERASE DE ALANINA), DOSAGEM",Treino,7,1,PROCEDIMENTOS DIAGNÓSTICOS DE BIOQUÍMICA,Exames,Procedimentos Diagnósticos De Bioquímica (Exames)
40302512,Rede D'or,2b617ace585e62a590d2f322a02429da,1,2017-11-19,4.15,2017,2017-11,3.0,"TRANSAMINASE PIRUVICA (AMINO TRANSFERASE DE ALANINA), DOSAGEM",Treino,11,1,PROCEDIMENTOS DIAGNÓSTICOS DE BIOQUÍMICA,Exames,Procedimentos Diagnósticos De Bioquímica (Exames)
40302512,Rede D'or,def81392db738417e2a3ffa815901b3a,0,2017-11-12,2.59,2017,2017-11,3.0,"TRANSAMINASE PIRUVICA (AMINO TRANSFERASE DE ALANINA), DOSAGEM",Treino,11,1,PROCEDIMENTOS DIAGNÓSTICOS DE BIOQUÍMICA,Exames,Procedimentos Diagnósticos De Bioquímica (Exames)
40302512,Rede D'or,68e91bae36bfc73aad2bbf5288c65131,0,2017-12-28,4.39,2017,2017-12,3.0,"TRANSAMINASE PIRUVICA (AMINO TRANSFERASE DE ALANINA), DOSAGEM",Treino,12,1,PROCEDIMENTOS DIAGNÓSTICOS DE BIOQUÍMICA,Exames,Procedimentos Diagnósticos De Bioquímica (Exames)
40302512,Rede D'or,e71160773d49cf47c791505e535a13f8,1,2019-11-14,4.78,2019,2019-11,4.0,"TRANSAMINASE PIRUVICA (AMINO TRANSFERASE DE ALANINA), DOSAGEM",Teste,11,1,PROCEDIMENTOS DIAGNÓSTICOS DE BIOQUÍMICA,Exames,Procedimentos Diagnósticos De Bioquímica (Exames)
40302520,Rede D'or,e71160773d49cf47c791505e535a13f8,1,2019-11-14,13.65,2019,2019-11,4.0,"TRANSFERRINA, DOSAGEM",Teste,11,1,PROCEDIMENTOS DIAGNÓSTICOS DE BIOQUÍMICA,Exames,Procedimentos Diagnósticos De Bioquímica (Exames)
40302547,Rede D'or,68e91bae36bfc73aad2bbf5288c65131,0,2019-08-27,6.12,2019,2019-08,3.0,"TRIGLICERIDEOS, DOSAGEM",Teste,8,1,PROCEDIMENTOS DIAGNÓSTICOS DE BIOQUÍMICA,Exames,Procedimentos Diagnósticos De Bioquímica (Exames)
40302547,Rede D'or,2b617ace585e62a590d2f322a02429da,1,2017-11-19,5.92,2017,2017-11,3.0,"TRIGLICERIDEOS, DOSAGEM",Treino,11,1,PROCEDIMENTOS DIAGNÓSTICOS DE BIOQUÍMICA,Exames,Procedimentos Diagnósticos De Bioquímica (Exames)
40302580,Rede D'or,ad5791c1e122deb7829724030c539e5b,0,2018-07-28,3.74,2018,2018-07,3.0,"UREIA, DOSAGEM",Treino,7,1,PROCEDIMENTOS DIAGNÓSTICOS DE BIOQUÍMICA,Exames,Procedimentos Diagnósticos De Bioquímica (Exames)
40302580,Rede D'or,2b617ace585e62a590d2f322a02429da,1,2017-11-19,4.15,2017,2017-11,3.0,"UREIA, DOSAGEM",Treino,11,1,PROCEDIMENTOS DIAGNÓSTICOS DE BIOQUÍMICA,Exames,Procedimentos Diagnósticos De Bioquímica (Exames)
40302580,Rede D'or,def81392db738417e2a3ffa815901b3a,0,2017-11-12,2.59,2017,2017-11,3.0,"UREIA, DOSAGEM",Treino,11,1,PROCEDIMENTOS DIAGNÓSTICOS DE BIOQUÍMICA,Exames,Procedimentos Diagnósticos De Bioquímica (Exames)
40302580,Rede D'or,68e91bae36bfc73aad2bbf5288c65131,0,2017-12-28,4.39,2017,2017-12,3.0,"UREIA, DOSAGEM",Treino,12,1,PROCEDIMENTOS DIAGNÓSTICOS DE BIOQUÍMICA,Exames,Procedimentos Diagnósticos De Bioquímica (Exames)
40302580,Rede D'or,35efaae352a35224a86b0afac09c58c6,0,2019-08-18,4.58,2019,2019-08,4.0,"UREIA, DOSAGEM",Teste,8,1,PROCEDIMENTOS DIAGNÓSTICOS DE BIOQUÍMICA,Exames,Procedimentos Diagnósticos De Bioquímica (Exames)
40302580,Rede D'or,e71160773d49cf47c791505e535a13f8,1,2019-11-14,4.78,2019,2019-11,4.0,"UREIA, DOSAGEM",Teste,11,1,PROCEDIMENTOS DIAGNÓSTICOS DE BIOQUÍMICA,Exames,Procedimentos Diagnósticos De Bioquímica (Exames)
40302695,Rede D'or,2b617ace585e62a590d2f322a02429da,1,2017-11-19,11.86,2017,2017-11,3.0,"COLESTEROL (VLDL), DOSAGEM",Treino,11,1,PROCEDIMENTOS DIAGNÓSTICOS DE BIOQUÍMICA,Exames,Procedimentos Diagnósticos De Bioquímica (Exames)
40302695,Rede D'or,68e91bae36bfc73aad2bbf5288c65131,0,2017-12-28,12.57,2017,2017-12,3.0,"COLESTEROL (VLDL), DOSAGEM",Treino,12,1,PROCEDIMENTOS DIAGNÓSTICOS DE BIOQUÍMICA,Exames,Procedimentos Diagnósticos De Bioquímica (Exames)
40302733,Rede D'or,def81392db738417e2a3ffa815901b3a,0,2017-11-12,8.32,2017,2017-11,3.0,"HEMOGLOBINA GLICADA (FRACAO A1C), DOSAGEM",Treino,11,1,PROCEDIMENTOS DIAGNÓSTICOS DE BIOQUÍMICA,Exames,Procedimentos Diagnósticos De Bioquímica (Exames)
40302733,Rede D'or,35efaae352a35224a86b0afac09c58c6,0,2017-09-02,33.2,2017,2017-09,4.0,"HEMOGLOBINA GLICADA (FRACAO A1C), DOSAGEM",Treino,9,1,PROCEDIMENTOS DIAGNÓSTICOS DE BIOQUÍMICA,Exames,Procedimentos Diagnósticos De Bioquímica (Exames)
40302733,Rede D'or,2b617ace585e62a590d2f322a02429da,1,2019-10-21,36.21,2019,2019-10,4.0,"HEMOGLOBINA GLICADA (FRACAO A1C), DOSAGEM",Teste,10,1,PROCEDIMENTOS DIAGNÓSTICOS DE BIOQUÍMICA,Exames,Procedimentos Diagnósticos De Bioquímica (Exames)
40302750,Rede D'or,ad5791c1e122deb7829724030c539e5b,0,2018-11-12,18.65,2018,2018-11,3.0,"PERFIL LIPIDICO / LIPIDOGRAMA (LIPIDIOS TOTAIS, COLESTEROL, TRIGLICERIDIOS E ELETROFORESE LIPOPROTEINAS), DOSAGEM",Treino,11,1,PROCEDIMENTOS DIAGNÓSTICOS DE BIOQUÍMICA,Exames,Procedimentos Diagnósticos De Bioquímica (Exames)
40302750,Rede D'or,def81392db738417e2a3ffa815901b3a,0,2017-11-12,12.95,2017,2017-11,3.0,"PERFIL LIPIDICO / LIPIDOGRAMA (LIPIDIOS TOTAIS, COLESTEROL, TRIGLICERIDIOS E ELETROFORESE LIPOPROTEINAS), DOSAGEM",Treino,11,1,PROCEDIMENTOS DIAGNÓSTICOS DE BIOQUÍMICA,Exames,Procedimentos Diagnósticos De Bioquímica (Exames)
40302750,Rede D'or,35efaae352a35224a86b0afac09c58c6,0,2017-09-02,20.18,2017,2017-09,4.0,"PERFIL LIPIDICO / LIPIDOGRAMA (LIPIDIOS TOTAIS, COLESTEROL, TRIGLICERIDIOS E ELETROFORESE LIPOPROTEINAS), DOSAGEM",Treino,9,1,PROCEDIMENTOS DIAGNÓSTICOS DE BIOQUÍMICA,Exames,Procedimentos Diagnósticos De Bioquímica (Exames)
40302822,Rede D'or,68e91bae36bfc73aad2bbf5288c65131,0,2018-01-05,30.08,2018,2018-01,3.0,"VITAMINA D2, DOSAGEM",Treino,1,1,PROCEDIMENTOS DIAGNÓSTICOS DE BIOQUÍMICA,Exames,Procedimentos Diagnósticos De Bioquímica (Exames)
40302830,Rede D'or,2b617ace585e62a590d2f322a02429da,1,2017-11-19,42.26,2017,2017-11,3.0,"VITAMINA ""D"" 25 HIDROXI (VITAMINA D3), DOSAGEM",Treino,11,1,PROCEDIMENTOS DIAGNÓSTICOS DE BIOQUÍMICA,Exames,Procedimentos Diagnósticos De Bioquímica (Exames)
40302830,Rede D'or,def81392db738417e2a3ffa815901b3a,0,2017-11-12,18.25,2017,2017-11,3.0,"VITAMINA ""D"" 25 HIDROXI (VITAMINA D3), DOSAGEM",Treino,11,1,PROCEDIMENTOS DIAGNÓSTICOS DE BIOQUÍMICA,Exames,Procedimentos Diagnósticos De Bioquímica (Exames)
40302830,Rede D'or,35efaae352a35224a86b0afac09c58c6,0,2017-09-02,7.52,2017,2017-09,4.0,"VITAMINA ""D"" 25 HIDROXI (VITAMINA D3), DOSAGEM",Treino,9,1,PROCEDIMENTOS DIAGNÓSTICOS DE BIOQUÍMICA,Exames,Procedimentos Diagnósticos De Bioquímica (Exames)
40304353,Rede D'or,e71160773d49cf47c791505e535a13f8,1,2019-11-14,9.22,2019,2019-11,4.0,HEMOGLOBINA (ELETROFORESE OU HPLC),Teste,11,1,HEMATOLOGIA LABORATORIAL,Exames,Hematologia Laboratorial (Exames)
40304361,Rede D'or,ad5791c1e122deb7829724030c539e5b,0,2018-08-07,10.11,2018,2018-08,3.0,"HEMOGRAMA COM CONTAGEM DE PLAQUETAS OU FRACOES (ERITROGRAMA, LEUCOGRAMA, PLAQUETAS)",Treino,8,1,HEMATOLOGIA LABORATORIAL,Exames,Hematologia Laboratorial (Exames)
40304361,Rede D'or,68e91bae36bfc73aad2bbf5288c65131,0,2017-12-28,9.42,2017,2017-12,3.0,"HEMOGRAMA COM CONTAGEM DE PLAQUETAS OU FRACOES (ERITROGRAMA, LEUCOGRAMA, PLAQUETAS)",Treino,12,1,HEMATOLOGIA LABORATORIAL,Exames,Hematologia Laboratorial (Exames)
40304361,Rede D'or,35efaae352a35224a86b0afac09c58c6,0,2018-01-24,8.65,2018,2018-01,4.0,"HEMOGRAMA COM CONTAGEM DE PLAQUETAS OU FRACOES (ERITROGRAMA, LEUCOGRAMA, PLAQUETAS)",Treino,1,1,HEMATOLOGIA LABORATORIAL,Exames,Hematologia Laboratorial (Exames)
40304361,Rede D'or,def81392db738417e2a3ffa815901b3a,0,2018-08-19,5.58,2018,2018-08,3.0,"HEMOGRAMA COM CONTAGEM DE PLAQUETAS OU FRACOES (ERITROGRAMA, LEUCOGRAMA, PLAQUETAS)",Treino,8,1,HEMATOLOGIA LABORATORIAL,Exames,Hematologia Laboratorial (Exames)
40304361,Rede D'or,2b617ace585e62a590d2f322a02429da,1,2017-11-19,8.9,2017,2017-11,3.0,"HEMOGRAMA COM CONTAGEM DE PLAQUETAS OU FRACOES (ERITROGRAMA, LEUCOGRAMA, PLAQUETAS)",Treino,11,1,HEMATOLOGIA LABORATORIAL,Exames,Hematologia Laboratorial (Exames)
40304361,Rede D'or,e71160773d49cf47c791505e535a13f8,1,2019-11-14,10.24,2019,2019-11,4.0,"HEMOGRAMA COM CONTAGEM DE PLAQUETAS OU FRACOES (ERITROGRAMA, LEUCOGRAMA, PLAQUETAS)",Teste,11,1,HEMATOLOGIA LABORATORIAL,Exames,Hematologia Laboratorial (Exames)
40304370,Rede D'or,35efaae352a35224a86b0afac09c58c6,0,2018-08-23,3.36,2018,2018-08,4.0,"HEMOSSEDIMENTACAO, (VHS), VELOCIDADE",Treino,8,1,HEMATOLOGIA LABORATORIAL,Exames,Hematologia Laboratorial (Exames)
40304370,Rede D'or,def81392db738417e2a3ffa815901b3a,0,2018-08-19,1.86,2018,2018-08,3.0,"HEMOSSEDIMENTACAO, (VHS), VELOCIDADE",Treino,8,1,HEMATOLOGIA LABORATORIAL,Exames,Hematologia Laboratorial (Exames)
40304370,Rede D'or,2b617ace585e62a590d2f322a02429da,1,2019-10-21,3.15,2019,2019-10,4.0,"HEMOSSEDIMENTACAO, (VHS), VELOCIDADE",Teste,10,1,HEMATOLOGIA LABORATORIAL,Exames,Hematologia Laboratorial (Exames)
40304370,Rede D'or,e71160773d49cf47c791505e535a13f8,1,2019-11-14,3.42,2019,2019-11,4.0,"HEMOSSEDIMENTACAO, (VHS), VELOCIDADE",Teste,11,1,HEMATOLOGIA LABORATORIAL,Exames,Hematologia Laboratorial (Exames)
40304558,Rede D'or,e71160773d49cf47c791505e535a13f8,1,2019-11-14,3.42,2019,2019-11,4.0,"RETICULOCITOS, CONTAGEM",Teste,11,1,HEMATOLOGIA LABORATORIAL,Exames,Hematologia Laboratorial (Exames)
40304590,Rede D'or,def81392db738417e2a3ffa815901b3a,0,2017-11-12,2.78,2017,2017-11,3.0,"TEMPO DE PROTROMBINA, DETERMINACAO",Treino,11,1,HEMATOLOGIA LABORATORIAL,Exames,Hematologia Laboratorial (Exames)
40304590,Rede D'or,ad5791c1e122deb7829724030c539e5b,0,2018-05-08,5.06,2018,2018-05,3.0,"TEMPO DE PROTROMBINA, DETERMINACAO",Treino,5,1,HEMATOLOGIA LABORATORIAL,Exames,Hematologia Laboratorial (Exames)
40304590,Rede D'or,68e91bae36bfc73aad2bbf5288c65131,0,2019-09-03,4.64,2019,2019-09,3.0,"TEMPO DE PROTROMBINA, DETERMINACAO",Teste,9,1,HEMATOLOGIA LABORATORIAL,Exames,Hematologia Laboratorial (Exames)
40304590,Rede D'or,e71160773d49cf47c791505e535a13f8,1,2019-11-14,5.12,2019,2019-11,4.0,"TEMPO DE PROTROMBINA, DETERMINACAO",Teste,11,1,HEMATOLOGIA LABORATORIAL,Exames,Hematologia Laboratorial (Exames)
40304639,Rede D'or,ad5791c1e122deb7829724030c539e5b,0,2018-05-08,5.06,2018,2018-05,3.0,"TEMPO DE TROMBOPLASTINA PARCIAL ATIVADA, DETERMINACAO",Treino,5,1,HEMATOLOGIA LABORATORIAL,Exames,Hematologia Laboratorial (Exames)
40304639,Rede D'or,68e91bae36bfc73aad2bbf5288c65131,0,2019-09-03,4.64,2019,2019-09,3.0,"TEMPO DE TROMBOPLASTINA PARCIAL ATIVADA, DETERMINACAO",Teste,9,1,HEMATOLOGIA LABORATORIAL,Exames,Hematologia Laboratorial (Exames)
40304639,Rede D'or,e71160773d49cf47c791505e535a13f8,1,2019-11-14,5.12,2019,2019-11,4.0,"TEMPO DE TROMBOPLASTINA PARCIAL ATIVADA, DETERMINACAO",Teste,11,1,HEMATOLOGIA LABORATORIAL,Exames,Hematologia Laboratorial (Exames)
40304736,Rede D'or,e71160773d49cf47c791505e535a13f8,1,2019-11-09,87.19,2019,2019-11,4.0,IMUNOFENOTIPAGEM PARA LINFOMA NAO HODGKIN / SINDROME LINFOPROLIFERATIVA CRONICA (*),Teste,11,1,HEMATOLOGIA LABORATORIAL,Exames,Hematologia Laboratorial (Exames)
40304922,Rede D'or,35efaae352a35224a86b0afac09c58c6,0,2018-06-03,10.08,2018,2018-06,4.0,"COAGULOGRAMA (TS, TC, PROVA DO LACO, RETRACAO DO COAGULO, CONTAGEM DE PLAQUETAS, TEMPO DE PROTROMBINA, TEMPO DE TROMBOPLASTINA, PARCIAL ATIVADO)",Treino,6,1,HEMATOLOGIA LABORATORIAL,Exames,Hematologia Laboratorial (Exames)
40304922,Rede D'or,ad5791c1e122deb7829724030c539e5b,0,2018-02-09,9.35,2018,2018-02,3.0,"COAGULOGRAMA (TS, TC, PROVA DO LACO, RETRACAO DO COAGULO, CONTAGEM DE PLAQUETAS, TEMPO DE PROTROMBINA, TEMPO DE TROMBOPLASTINA, PARCIAL ATIVADO)",Treino,2,1,HEMATOLOGIA LABORATORIAL,Exames,Hematologia Laboratorial (Exames)
40304922,Rede D'or,def81392db738417e2a3ffa815901b3a,0,2018-08-19,11.16,2018,2018-08,3.0,"COAGULOGRAMA (TS, TC, PROVA DO LACO, RETRACAO DO COAGULO, CONTAGEM DE PLAQUETAS, TEMPO DE PROTROMBINA, TEMPO DE TROMBOPLASTINA, PARCIAL ATIVADO)",Treino,8,1,HEMATOLOGIA LABORATORIAL,Exames,Hematologia Laboratorial (Exames)
40304922,Rede D'or,e71160773d49cf47c791505e535a13f8,1,2019-10-31,13.16,2019,2019-10,4.0,"COAGULOGRAMA (TS, TC, PROVA DO LACO, RETRACAO DO COAGULO, CONTAGEM DE PLAQUETAS, TEMPO DE PROTROMBINA, TEMPO DE TROMBOPLASTINA, PARCIAL ATIVADO)",Teste,10,1,HEMATOLOGIA LABORATORIAL,Exames,Hematologia Laboratorial (Exames)
40305767,Rede D'or,35efaae352a35224a86b0afac09c58c6,0,2019-05-12,21.93,2019,2019-05,4.0,"HORMONIO GONODOTROFICO CORIONICO QUANTITATIVO (HCG-BETA-HCG), DOSAGEM",Teste,5,1,ENDOCRINOLOGIA LABORATORIAL,Exames,Endocrinologia Laboratorial (Exames)
40306062,Rede D'or,ad5791c1e122deb7829724030c539e5b,0,2018-04-13,10.56,2018,2018-04,3.0,"ANTI-DNA, PESQUISA E/OU DOSAGEM",Treino,4,1,PROCEDIMENTOS DIAGNÓSTICOS DE IMUNOLOGIA,Exames,Procedimentos Diagnósticos De Imunologia (Exames)
40306437,Rede D'or,ad5791c1e122deb7829724030c539e5b,0,2018-11-12,21.33,2018,2018-11,3.0,"ANTIPEROXIDASE TIREOIDEANA, PESQUISA",Treino,11,1,PROCEDIMENTOS DIAGNÓSTICOS DE IMUNOLOGIA,Exames,Procedimentos Diagnósticos De Imunologia (Exames)
40306437,Rede D'or,2b617ace585e62a590d2f322a02429da,1,2019-10-21,25.18,2019,2019-10,4.0,"ANTIPEROXIDASE TIREOIDEANA, PESQUISA",Teste,10,1,PROCEDIMENTOS DIAGNÓSTICOS DE IMUNOLOGIA,Exames,Procedimentos Diagnósticos De Imunologia (Exames)
40306437,Rede D'or,def81392db738417e2a3ffa815901b3a,0,2019-02-27,17.53,2019,2019-02,3.0,"ANTIPEROXIDASE TIREOIDEANA, PESQUISA",Teste,2,1,PROCEDIMENTOS DIAGNÓSTICOS DE IMUNOLOGIA,Exames,Procedimentos Diagnósticos De Imunologia (Exames)
40306470,Rede D'or,ad5791c1e122deb7829724030c539e5b,0,2018-04-13,79.21,2018,2018-04,3.0,"BETA-2-MICROGLOBULINA, DOSAGEM",Treino,4,1,PROCEDIMENTOS DIAGNÓSTICOS DE IMUNOLOGIA,Exames,Procedimentos Diagnósticos De Imunologia (Exames)
40306631,Rede D'or,68e91bae36bfc73aad2bbf5288c65131,0,2018-10-11,20.15,2018,2018-10,3.0,"CHLAMYDIA - IGG, DOSAGEM",Treino,10,1,PROCEDIMENTOS DIAGNÓSTICOS DE IMUNOLOGIA,Exames,Procedimentos Diagnósticos De Imunologia (Exames)
40306631,Rede D'or,def81392db738417e2a3ffa815901b3a,0,2019-02-27,17.2,2019,2019-02,3.0,"CHLAMYDIA - IGG, DOSAGEM",Teste,2,1,PROCEDIMENTOS DIAGNÓSTICOS DE IMUNOLOGIA,Exames,Procedimentos Diagnósticos De Imunologia (Exames)
40306640,Rede D'or,def81392db738417e2a3ffa815901b3a,0,2019-02-27,17.2,2019,2019-02,3.0,"CHLAMYDIA - IGM, DOSAGEM",Teste,2,1,PROCEDIMENTOS DIAGNÓSTICOS DE IMUNOLOGIA,Exames,Procedimentos Diagnósticos De Imunologia (Exames)
40306666,Rede D'or,e71160773d49cf47c791505e535a13f8,1,2019-11-14,22.87,2019,2019-11,4.0,"CITOMEGALOVIRUS IGG, DOSAGEM",Teste,11,1,PROCEDIMENTOS DIAGNÓSTICOS DE IMUNOLOGIA,Exames,Procedimentos Diagnósticos De Imunologia (Exames)
40306674,Rede D'or,e71160773d49cf47c791505e535a13f8,1,2019-11-14,27.31,2019,2019-11,4.0,"CITOMEGALOVIRUS IGM, DOSAGEM",Teste,11,1,PROCEDIMENTOS DIAGNÓSTICOS DE IMUNOLOGIA,Exames,Procedimentos Diagnósticos De Imunologia (Exames)
40306852,Rede D'or,35efaae352a35224a86b0afac09c58c6,0,2018-08-23,10.12,2018,2018-08,4.0,"FATOR ANTINUCLEO, (FAN), PESQUISA",Treino,8,1,PROCEDIMENTOS DIAGNÓSTICOS DE IMUNOLOGIA,Exames,Procedimentos Diagnósticos De Imunologia (Exames)
40306950,Rede D'or,e71160773d49cf47c791505e535a13f8,1,2019-11-14,34.12,2019,2019-11,4.0,"HEPATITE B - HBCAC - IGG (ANTI-CORE IGG OU ACOREG), PESQUISA E/OU DOSAGEM",Teste,11,1,PROCEDIMENTOS DIAGNÓSTICOS DE IMUNOLOGIA,Exames,Procedimentos Diagnósticos De Imunologia (Exames)
40306992,Rede D'or,68e91bae36bfc73aad2bbf5288c65131,0,2017-12-28,18.83,2017,2017-12,3.0,"HEPATITE B - HBSAC (ANTI-ANTIGENO DE SUPERFICIE), PESQUISA E/OU DOSAGEM",Treino,12,1,PROCEDIMENTOS DIAGNÓSTICOS DE IMUNOLOGIA,Exames,Procedimentos Diagnósticos De Imunologia (Exames)
40306992,Rede D'or,def81392db738417e2a3ffa815901b3a,0,2019-02-27,15.29,2019,2019-02,3.0,"HEPATITE B - HBSAC (ANTI-ANTIGENO DE SUPERFICIE), PESQUISA E/OU DOSAGEM",Teste,2,1,PROCEDIMENTOS DIAGNÓSTICOS DE IMUNOLOGIA,Exames,Procedimentos Diagnósticos De Imunologia (Exames)
40306992,Rede D'or,e71160773d49cf47c791505e535a13f8,1,2019-11-14,20.44,2019,2019-11,4.0,"HEPATITE B - HBSAC (ANTI-ANTIGENO DE SUPERFICIE), PESQUISA E/OU DOSAGEM",Teste,11,1,PROCEDIMENTOS DIAGNÓSTICOS DE IMUNOLOGIA,Exames,Procedimentos Diagnósticos De Imunologia (Exames)
40307018,Rede D'or,68e91bae36bfc73aad2bbf5288c65131,0,2017-12-28,21.98,2017,2017-12,3.0,"HEPATITE B - HBSAG (AU, ANTIGENO AUSTRALIA), PESQUISA E/OU DOSAGEM",Treino,12,1,PROCEDIMENTOS DIAGNÓSTICOS DE IMUNOLOGIA,Exames,Procedimentos Diagnósticos De Imunologia (Exames)
40307018,Rede D'or,def81392db738417e2a3ffa815901b3a,0,2019-02-27,13.38,2019,2019-02,3.0,"HEPATITE B - HBSAG (AU, ANTIGENO AUSTRALIA), PESQUISA E/OU DOSAGEM",Teste,2,1,PROCEDIMENTOS DIAGNÓSTICOS DE IMUNOLOGIA,Exames,Procedimentos Diagnósticos De Imunologia (Exames)
40307018,Rede D'or,e71160773d49cf47c791505e535a13f8,1,2019-11-14,23.87,2019,2019-11,4.0,"HEPATITE B - HBSAG (AU, ANTIGENO AUSTRALIA), PESQUISA E/OU DOSAGEM",Teste,11,1,PROCEDIMENTOS DIAGNÓSTICOS DE IMUNOLOGIA,Exames,Procedimentos Diagnósticos De Imunologia (Exames)
40307026,Rede D'or,68e91bae36bfc73aad2bbf5288c65131,0,2017-12-28,47.13,2017,2017-12,3.0,"HEPATITE C - ANTI-HCV, PESQUISA E/OU DOSAGEM",Treino,12,1,PROCEDIMENTOS DIAGNÓSTICOS DE IMUNOLOGIA,Exames,Procedimentos Diagnósticos De Imunologia (Exames)
40307026,Rede D'or,ad5791c1e122deb7829724030c539e5b,0,2018-02-09,40.17,2018,2018-02,3.0,"HEPATITE C - ANTI-HCV, PESQUISA E/OU DOSAGEM",Treino,2,1,PROCEDIMENTOS DIAGNÓSTICOS DE IMUNOLOGIA,Exames,Procedimentos Diagnósticos De Imunologia (Exames)
40307026,Rede D'or,def81392db738417e2a3ffa815901b3a,0,2019-02-27,38.23,2019,2019-02,3.0,"HEPATITE C - ANTI-HCV, PESQUISA E/OU DOSAGEM",Teste,2,1,PROCEDIMENTOS DIAGNÓSTICOS DE IMUNOLOGIA,Exames,Procedimentos Diagnósticos De Imunologia (Exames)
40307034,Rede D'or,e71160773d49cf47c791505e535a13f8,1,2019-11-14,51.19,2019,2019-11,4.0,"HEPATITE C - ANTI-HCV - IGM, PESQUISA E/OU DOSAGEM",Teste,11,1,PROCEDIMENTOS DIAGNÓSTICOS DE IMUNOLOGIA,Exames,Procedimentos Diagnósticos De Imunologia (Exames)
40307085,Rede D'or,def81392db738417e2a3ffa815901b3a,0,2019-02-27,19.11,2019,2019-02,3.0,"HERPES SIMPLES - IGG, DOSAGEM",Teste,2,1,PROCEDIMENTOS DIAGNÓSTICOS DE IMUNOLOGIA,Exames,Procedimentos Diagnósticos De Imunologia (Exames)
40307093,Rede D'or,def81392db738417e2a3ffa815901b3a,0,2019-02-27,22.94,2019,2019-02,3.0,"HERPES SIMPLES - IGM, DOSAGEM",Teste,2,1,PROCEDIMENTOS DIAGNÓSTICOS DE IMUNOLOGIA,Exames,Procedimentos Diagnósticos De Imunologia (Exames)
40307174,Rede D'or,68e91bae36bfc73aad2bbf5288c65131,0,2018-10-11,43.6,2018,2018-10,3.0,"HIV1 OU HIV2, PESQUISA DE ANTICORPOS",Treino,10,1,PROCEDIMENTOS DIAGNÓSTICOS DE IMUNOLOGIA,Exames,Procedimentos Diagnósticos De Imunologia (Exames)
40307182,Rede D'or,ad5791c1e122deb7829724030c539e5b,0,2018-02-09,40.17,2018,2018-02,3.0,"HIV1+ HIV2, (DETERMINACAO CONJUNTA), PESQUISA DE ANTICORPOS",Treino,2,1,PROCEDIMENTOS DIAGNÓSTICOS DE IMUNOLOGIA,Exames,Procedimentos Diagnósticos De Imunologia (Exames)
40307182,Rede D'or,68e91bae36bfc73aad2bbf5288c65131,0,2017-12-28,47.13,2017,2017-12,3.0,"HIV1+ HIV2, (DETERMINACAO CONJUNTA), PESQUISA DE ANTICORPOS",Treino,12,1,PROCEDIMENTOS DIAGNÓSTICOS DE IMUNOLOGIA,Exames,Procedimentos Diagnósticos De Imunologia (Exames)
40307182,Rede D'or,def81392db738417e2a3ffa815901b3a,0,2019-02-27,38.23,2019,2019-02,3.0,"HIV1+ HIV2, (DETERMINACAO CONJUNTA), PESQUISA DE ANTICORPOS",Teste,2,1,PROCEDIMENTOS DIAGNÓSTICOS DE IMUNOLOGIA,Exames,Procedimentos Diagnósticos De Imunologia (Exames)
40307182,Rede D'or,e71160773d49cf47c791505e535a13f8,1,2019-11-14,51.19,2019,2019-11,4.0,"HIV1+ HIV2, (DETERMINACAO CONJUNTA), PESQUISA DE ANTICORPOS",Teste,11,1,PROCEDIMENTOS DIAGNÓSTICOS DE IMUNOLOGIA,Exames,Procedimentos Diagnósticos De Imunologia (Exames)
40307220,Rede D'or,e71160773d49cf47c791505e535a13f8,1,2019-11-14,17.07,2019,2019-11,4.0,"IGA, DOSAGEM",Teste,11,1,PROCEDIMENTOS DIAGNÓSTICOS DE IMUNOLOGIA,Exames,Procedimentos Diagnósticos De Imunologia (Exames)
40307271,Rede D'or,35efaae352a35224a86b0afac09c58c6,0,2019-08-18,13.5,2019,2019-08,4.0,"IGE, TOTAL, DOSAGEM",Teste,8,1,PROCEDIMENTOS DIAGNÓSTICOS DE IMUNOLOGIA,Exames,Procedimentos Diagnósticos De Imunologia (Exames)
40307280,Rede D'or,e71160773d49cf47c791505e535a13f8,1,2019-11-14,17.07,2019,2019-11,4.0,"IGG, DOSAGEM",Teste,11,1,PROCEDIMENTOS DIAGNÓSTICOS DE IMUNOLOGIA,Exames,Procedimentos Diagnósticos De Imunologia (Exames)
40307301,Rede D'or,e71160773d49cf47c791505e535a13f8,1,2019-11-14,17.07,2019,2019-11,4.0,"IGM, DOSAGEM",Teste,11,1,PROCEDIMENTOS DIAGNÓSTICOS DE IMUNOLOGIA,Exames,Procedimentos Diagnósticos De Imunologia (Exames)
40307336,Rede D'or,e71160773d49cf47c791505e535a13f8,1,2019-11-14,40.94,2019,2019-11,4.0,"IMUNOELETROFORESE (ESTUDO DA GAMOPATIA), PESQUISA E/OU DOSAGEM",Teste,11,1,PROCEDIMENTOS DIAGNÓSTICOS DE IMUNOLOGIA,Exames,Procedimentos Diagnósticos De Imunologia (Exames)
40307573,Rede D'or,ad5791c1e122deb7829724030c539e5b,0,2018-04-13,39.6,2018,2018-04,3.0,"MONONUCLEOSE, ANTI-VCA (EBV) IGG, PESQUISA E/OU DOSAGEM",Treino,4,1,PROCEDIMENTOS DIAGNÓSTICOS DE IMUNOLOGIA,Exames,Procedimentos Diagnósticos De Imunologia (Exames)
40307573,Rede D'or,e71160773d49cf47c791505e535a13f8,1,2019-11-14,51.19,2019,2019-11,4.0,"MONONUCLEOSE, ANTI-VCA (EBV) IGG, PESQUISA E/OU DOSAGEM",Teste,11,1,PROCEDIMENTOS DIAGNÓSTICOS DE IMUNOLOGIA,Exames,Procedimentos Diagnósticos De Imunologia (Exames)
40307581,Rede D'or,ad5791c1e122deb7829724030c539e5b,0,2018-04-13,39.6,2018,2018-04,3.0,"MONONUCLEOSE, ANTI-VCA (EBV) IGM, PESQUISA E/OU DOSAGEM",Treino,4,1,PROCEDIMENTOS DIAGNÓSTICOS DE IMUNOLOGIA,Exames,Procedimentos Diagnósticos De Imunologia (Exames)
40307581,Rede D'or,e71160773d49cf47c791505e535a13f8,1,2019-11-14,51.19,2019,2019-11,4.0,"MONONUCLEOSE, ANTI-VCA (EBV) IGM, PESQUISA E/OU DOSAGEM",Teste,11,1,PROCEDIMENTOS DIAGNÓSTICOS DE IMUNOLOGIA,Exames,Procedimentos Diagnósticos De Imunologia (Exames)
40307760,Rede D'or,68e91bae36bfc73aad2bbf5288c65131,0,2017-12-28,3.13,2017,2017-12,3.0,SIFILIS - VDRL,Treino,12,1,PROCEDIMENTOS DIAGNÓSTICOS DE IMUNOLOGIA,Exames,Procedimentos Diagnósticos De Imunologia (Exames)
40307760,Rede D'or,def81392db738417e2a3ffa815901b3a,0,2019-02-27,3.82,2019,2019-02,3.0,SIFILIS - VDRL,Teste,2,1,PROCEDIMENTOS DIAGNÓSTICOS DE IMUNOLOGIA,Exames,Procedimentos Diagnósticos De Imunologia (Exames)
40307824,Rede D'or,e71160773d49cf47c791505e535a13f8,1,2019-11-14,27.31,2019,2019-11,4.0,"TOXOPLASMOSE IGG, DOSAGEM",Teste,11,1,PROCEDIMENTOS DIAGNÓSTICOS DE IMUNOLOGIA,Exames,Procedimentos Diagnósticos De Imunologia (Exames)
40307832,Rede D'or,e71160773d49cf47c791505e535a13f8,1,2019-11-14,27.31,2019,2019-11,4.0,"TOXOPLASMOSE IGM, DOSAGEM",Teste,11,1,PROCEDIMENTOS DIAGNÓSTICOS DE IMUNOLOGIA,Exames,Procedimentos Diagnósticos De Imunologia (Exames)
40308324,Rede D'or,68e91bae36bfc73aad2bbf5288c65131,0,2018-10-11,14.43,2018,2018-10,3.0,"GONOCOCO - IGG, PESQUISA E/OU DOSAGEM",Treino,10,1,PROCEDIMENTOS DIAGNÓSTICOS DE IMUNOLOGIA,Exames,Procedimentos Diagnósticos De Imunologia (Exames)
40308391,Rede D'or,35efaae352a35224a86b0afac09c58c6,0,2018-01-24,19.32,2018,2018-01,4.0,"PROTEINA C REATIVA, QUANTITATIVA, DOSAGEM (TURBIDIMETRIA, NEFELOMETRIA)",Treino,1,1,PROCEDIMENTOS DIAGNÓSTICOS DE IMUNOLOGIA,Exames,Procedimentos Diagnósticos De Imunologia (Exames)
40308391,Rede D'or,def81392db738417e2a3ffa815901b3a,0,2017-11-12,12.36,2017,2017-11,3.0,"PROTEINA C REATIVA, QUANTITATIVA, DOSAGEM (TURBIDIMETRIA, NEFELOMETRIA)",Treino,11,1,PROCEDIMENTOS DIAGNÓSTICOS DE IMUNOLOGIA,Exames,Procedimentos Diagnósticos De Imunologia (Exames)
40308391,Rede D'or,ad5791c1e122deb7829724030c539e5b,0,2018-04-13,17.69,2018,2018-04,3.0,"PROTEINA C REATIVA, QUANTITATIVA, DOSAGEM (TURBIDIMETRIA, NEFELOMETRIA)",Treino,4,1,PROCEDIMENTOS DIAGNÓSTICOS DE IMUNOLOGIA,Exames,Procedimentos Diagnósticos De Imunologia (Exames)
40308391,Rede D'or,2b617ace585e62a590d2f322a02429da,1,2019-10-21,21.07,2019,2019-10,4.0,"PROTEINA C REATIVA, QUANTITATIVA, DOSAGEM (TURBIDIMETRIA, NEFELOMETRIA)",Teste,10,1,PROCEDIMENTOS DIAGNÓSTICOS DE IMUNOLOGIA,Exames,Procedimentos Diagnósticos De Imunologia (Exames)
40308391,Rede D'or,e71160773d49cf47c791505e535a13f8,1,2019-12-04,22.87,2019,2019-12,4.0,"PROTEINA C REATIVA, QUANTITATIVA, DOSAGEM (TURBIDIMETRIA, NEFELOMETRIA)",Teste,12,1,PROCEDIMENTOS DIAGNÓSTICOS DE IMUNOLOGIA,Exames,Procedimentos Diagnósticos De Imunologia (Exames)
40308405,Rede D'or,35efaae352a35224a86b0afac09c58c6,0,2018-08-23,24.39,2018,2018-08,4.0,"ASLO, QUANTITATIVO, DOSAGEM (TURBIDIMETRIA OU NEFELOMETRIA)",Treino,8,1,PROCEDIMENTOS DIAGNÓSTICOS DE IMUNOLOGIA,Exames,Procedimentos Diagnósticos De Imunologia (Exames)
40310124,Rede D'or,68e91bae36bfc73aad2bbf5288c65131,0,2018-01-05,10.51,2018,2018-01,3.0,CULTURA BACTERIANA (EM DIVERSOS MATERIAIS BIOLOGICOS),Treino,1,1,PROCEDIMENTOS DIAGNÓSTICOS DE MICROBIOLOGIA,Exames,Procedimentos Diagnósticos De Microbiologia (Exames)
40310175,Rede D'or,35efaae352a35224a86b0afac09c58c6,0,2019-03-17,11.79,2019,2019-03,4.0,"CULTURA, FEZES: SALMONELA, SHIGELLAE E ESC. COLI ENTEROPATOGENICAS, ENTEROINVASORA (SOROL. INCLUIDA) + CAMPYLOBACTER SP. + E. COLI ENTERO-HEMORRAGICA",Teste,3,1,PROCEDIMENTOS DIAGNÓSTICOS DE MICROBIOLOGIA,Exames,Procedimentos Diagnósticos De Microbiologia (Exames)
40310213,Rede D'or,68e91bae36bfc73aad2bbf5288c65131,0,2017-12-28,9.39,2017,2017-12,3.0,"CULTURA, URINA COM CONTAGEM DE COLONIAS",Treino,12,1,PROCEDIMENTOS DIAGNÓSTICOS DE MICROBIOLOGIA,Exames,Procedimentos Diagnósticos De Microbiologia (Exames)
40310213,Rede D'or,ad5791c1e122deb7829724030c539e5b,0,2018-06-12,9.32,2018,2018-06,3.0,"CULTURA, URINA COM CONTAGEM DE COLONIAS",Treino,6,1,PROCEDIMENTOS DIAGNÓSTICOS DE MICROBIOLOGIA,Exames,Procedimentos Diagnósticos De Microbiologia (Exames)
40310213,Rede D'or,35efaae352a35224a86b0afac09c58c6,0,2018-01-24,8.63,2018,2018-01,4.0,"CULTURA, URINA COM CONTAGEM DE COLONIAS",Treino,1,1,PROCEDIMENTOS DIAGNÓSTICOS DE MICROBIOLOGIA,Exames,Procedimentos Diagnósticos De Microbiologia (Exames)
40310213,Rede D'or,def81392db738417e2a3ffa815901b3a,0,2017-11-27,9.25,2017,2017-11,3.0,"CULTURA, URINA COM CONTAGEM DE COLONIAS",Treino,11,1,PROCEDIMENTOS DIAGNÓSTICOS DE MICROBIOLOGIA,Exames,Procedimentos Diagnósticos De Microbiologia (Exames)
40310418,Rede D'or,68e91bae36bfc73aad2bbf5288c65131,0,2018-01-05,5.99,2018,2018-01,3.0,"ANTIBIOGRAMA (TESTE DE SENSIBILIDADE E ANTIBIOTICOS E QUIMIOTERAPICOS), POR BACTERIA - NAO AUTOMATIZADO",Treino,1,1,PROCEDIMENTOS DIAGNÓSTICOS DE MICROBIOLOGIA,Exames,Procedimentos Diagnósticos De Microbiologia (Exames)
40311015,Rede D'or,35efaae352a35224a86b0afac09c58c6,0,2019-08-18,33.73,2019,2019-08,4.0,"ACIDO CITRICO, DOSAGEM NA URINA",Teste,8,1,URINÁLISE,Exames,Urinálise (Exames)
40311210,Rede D'or,35efaae352a35224a86b0afac09c58c6,0,2018-10-22,4.72,2018,2018-10,4.0,"ROTINA DE URINA (CARACTERES FISICOS, ELEMENTOS ANORMAIS E SEDIMENTOSCOPIA)",Treino,10,1,URINÁLISE,Exames,Urinálise (Exames)
40311210,Rede D'or,2b617ace585e62a590d2f322a02429da,1,2017-11-19,4.15,2017,2017-11,3.0,"ROTINA DE URINA (CARACTERES FISICOS, ELEMENTOS ANORMAIS E SEDIMENTOSCOPIA)",Treino,11,1,URINÁLISE,Exames,Urinálise (Exames)
40311210,Rede D'or,def81392db738417e2a3ffa815901b3a,0,2017-11-27,3.7,2017,2017-11,3.0,"ROTINA DE URINA (CARACTERES FISICOS, ELEMENTOS ANORMAIS E SEDIMENTOSCOPIA)",Treino,11,1,URINÁLISE,Exames,Urinálise (Exames)
40311210,Rede D'or,ad5791c1e122deb7829724030c539e5b,0,2017-11-20,4.36,2017,2017-11,3.0,"ROTINA DE URINA (CARACTERES FISICOS, ELEMENTOS ANORMAIS E SEDIMENTOSCOPIA)",Treino,11,1,URINÁLISE,Exames,Urinálise (Exames)
40311210,Rede D'or,68e91bae36bfc73aad2bbf5288c65131,0,2017-12-28,4.39,2017,2017-12,3.0,"ROTINA DE URINA (CARACTERES FISICOS, ELEMENTOS ANORMAIS E SEDIMENTOSCOPIA)",Treino,12,1,URINÁLISE,Exames,Urinálise (Exames)
40312151,Rede D'or,ad5791c1e122deb7829724030c539e5b,0,2018-02-09,24.1,2018,2018-02,3.0,"PROVAS DE FUNCAO HEPATICA (BILIRRUBINAS, ELETROFORESE DE PROTEINAS, FA, TGO, TGP E GAMA-PGT)",Treino,2,1,PROCEDIMENTOS DIAGNÓSTICOS DIVERSOS,Exames,Procedimentos Diagnósticos Diversos (Exames)
40313328,Rede D'or,2b617ace585e62a590d2f322a02429da,1,2019-10-21,22.0,2019,2019-10,4.0,"ZINCO, PESQUISA E/OU DOSAGEM",Teste,10,1,TOXICOLOGIA / MONITORIZAÇÃO TERAPÊUTICA,Exames,Toxicologia / Monitorização Terapêutica (Exames)
40314081,Rede D'or,e71160773d49cf47c791505e535a13f8,1,2019-11-14,290.05,2019,2019-11,4.0,"HEPATITE B (QUANTITATIVO) PCR, PESQUISA",Teste,11,1,BIOLOGIA MOLECULAR,Exames,Biologia Molecular (Exames)
40314243,Rede D'or,68e91bae36bfc73aad2bbf5288c65131,0,2018-10-11,150.34,2018,2018-10,3.0,"CHLAMYDIA POR BIOLOGIA MOLECULAR, PESQUISA",Treino,10,1,BIOLOGIA MOLECULAR,Exames,Biologia Molecular (Exames)
40314278,Rede D'or,68e91bae36bfc73aad2bbf5288c65131,0,2018-10-11,150.37,2018,2018-10,3.0,PESQUISA DE OUTROS AGENTES POR PCR,Treino,10,1,BIOLOGIA MOLECULAR,Exames,Biologia Molecular (Exames)
40316041,Rede D'or,ad5791c1e122deb7829724030c539e5b,0,2018-11-12,55.96,2018,2018-11,3.0,"ADRENOCORTICOTROFICO, HORMONIO (ACTH), DOSAGEM",Treino,11,1,ENDOCRINOLOGIA LABORATORIAL,Exames,Endocrinologia Laboratorial (Exames)
40316106,Rede D'or,ad5791c1e122deb7829724030c539e5b,0,2018-11-12,27.97,2018,2018-11,3.0,"ANTICORPOS ANTITIREOIDE (TIREOGLOBULINA), DOSAGEM",Treino,11,1,ENDOCRINOLOGIA LABORATORIAL,Exames,Endocrinologia Laboratorial (Exames)
40316106,Rede D'or,2b617ace585e62a590d2f322a02429da,1,2019-10-21,33.01,2019,2019-10,4.0,"ANTICORPOS ANTITIREOIDE (TIREOGLOBULINA), DOSAGEM",Teste,10,1,ENDOCRINOLOGIA LABORATORIAL,Exames,Endocrinologia Laboratorial (Exames)
40316190,Rede D'or,ad5791c1e122deb7829724030c539e5b,0,2018-11-12,19.99,2018,2018-11,3.0,"CORTISOL, DOSAGEM",Treino,11,1,ENDOCRINOLOGIA LABORATORIAL,Exames,Endocrinologia Laboratorial (Exames)
40316190,Rede D'or,2b617ace585e62a590d2f322a02429da,1,2019-10-21,23.58,2019,2019-10,4.0,"CORTISOL, DOSAGEM",Teste,10,1,ENDOCRINOLOGIA LABORATORIAL,Exames,Endocrinologia Laboratorial (Exames)
40316211,Rede D'or,2b617ace585e62a590d2f322a02429da,1,2019-10-21,33.01,2019,2019-10,4.0,"DEHIDROEPIANDROSTERONA (DHEA), DOSAGEM",Teste,10,1,ENDOCRINOLOGIA LABORATORIAL,Exames,Endocrinologia Laboratorial (Exames)
40316246,Rede D'or,ad5791c1e122deb7829724030c539e5b,0,2018-11-12,26.65,2018,2018-11,3.0,"ESTRADIOL, DOSAGEM",Treino,11,1,ENDOCRINOLOGIA LABORATORIAL,Exames,Endocrinologia Laboratorial (Exames)
40316246,Rede D'or,68e91bae36bfc73aad2bbf5288c65131,0,2017-12-28,31.41,2017,2017-12,3.0,"ESTRADIOL, DOSAGEM",Treino,12,1,ENDOCRINOLOGIA LABORATORIAL,Exames,Endocrinologia Laboratorial (Exames)
40316246,Rede D'or,def81392db738417e2a3ffa815901b3a,0,2019-02-27,19.11,2019,2019-02,3.0,"ESTRADIOL, DOSAGEM",Teste,2,1,ENDOCRINOLOGIA LABORATORIAL,Exames,Endocrinologia Laboratorial (Exames)
40316270,Rede D'or,def81392db738417e2a3ffa815901b3a,0,2017-11-12,23.12,2017,2017-11,3.0,"FERRITINA, DOSAGEM",Treino,11,1,ENDOCRINOLOGIA LABORATORIAL,Exames,Endocrinologia Laboratorial (Exames)
40316270,Rede D'or,35efaae352a35224a86b0afac09c58c6,0,2018-11-11,42.16,2018,2018-11,4.0,"FERRITINA, DOSAGEM",Treino,11,1,ENDOCRINOLOGIA LABORATORIAL,Exames,Endocrinologia Laboratorial (Exames)
40316270,Rede D'or,2b617ace585e62a590d2f322a02429da,1,2019-10-21,39.32,2019,2019-10,4.0,"FERRITINA, DOSAGEM",Teste,10,1,ENDOCRINOLOGIA LABORATORIAL,Exames,Endocrinologia Laboratorial (Exames)
40316270,Rede D'or,e71160773d49cf47c791505e535a13f8,1,2019-11-14,42.66,2019,2019-11,4.0,"FERRITINA, DOSAGEM",Teste,11,1,ENDOCRINOLOGIA LABORATORIAL,Exames,Endocrinologia Laboratorial (Exames)
40316289,Rede D'or,68e91bae36bfc73aad2bbf5288c65131,0,2017-12-28,20.43,2017,2017-12,3.0,"FOLICULO ESTIMULANTE, HORMONIO (FSH), DOSAGEM",Treino,12,1,ENDOCRINOLOGIA LABORATORIAL,Exames,Endocrinologia Laboratorial (Exames)
40316289,Rede D'or,ad5791c1e122deb7829724030c539e5b,0,2018-11-12,17.33,2018,2018-11,3.0,"FOLICULO ESTIMULANTE, HORMONIO (FSH), DOSAGEM",Treino,11,1,ENDOCRINOLOGIA LABORATORIAL,Exames,Endocrinologia Laboratorial (Exames)
40316289,Rede D'or,def81392db738417e2a3ffa815901b3a,0,2017-11-12,12.02,2017,2017-11,3.0,"FOLICULO ESTIMULANTE, HORMONIO (FSH), DOSAGEM",Treino,11,1,ENDOCRINOLOGIA LABORATORIAL,Exames,Endocrinologia Laboratorial (Exames)
40316327,Rede D'or,def81392db738417e2a3ffa815901b3a,0,2017-09-28,13.29,2017,2017-09,3.0,"GONADOTROFICO CORIONICO, HORMONIO (HCG), DOSAGEM",Treino,9,1,ENDOCRINOLOGIA LABORATORIAL,Exames,Endocrinologia Laboratorial (Exames)
40316335,Rede D'or,def81392db738417e2a3ffa815901b3a,0,2017-11-12,12.02,2017,2017-11,3.0,"HORMONIO LUTEINIZANTE (LH), DOSAGEM",Treino,11,1,ENDOCRINOLOGIA LABORATORIAL,Exames,Endocrinologia Laboratorial (Exames)
40316335,Rede D'or,ad5791c1e122deb7829724030c539e5b,0,2018-11-12,17.33,2018,2018-11,3.0,"HORMONIO LUTEINIZANTE (LH), DOSAGEM",Treino,11,1,ENDOCRINOLOGIA LABORATORIAL,Exames,Endocrinologia Laboratorial (Exames)
40316335,Rede D'or,68e91bae36bfc73aad2bbf5288c65131,0,2017-12-28,20.43,2017,2017-12,3.0,"HORMONIO LUTEINIZANTE (LH), DOSAGEM",Treino,12,1,ENDOCRINOLOGIA LABORATORIAL,Exames,Endocrinologia Laboratorial (Exames)
40316360,Rede D'or,2b617ace585e62a590d2f322a02429da,1,2019-10-21,17.3,2019,2019-10,4.0,"INSULINA, DOSAGEM",Teste,10,1,ENDOCRINOLOGIA LABORATORIAL,Exames,Endocrinologia Laboratorial (Exames)
40316378,Rede D'or,def81392db738417e2a3ffa815901b3a,0,2018-04-15,46.76,2018,2018-04,3.0,"MARCADORES TUMORAIS (CA 19.9, CA 125, CA 72-4, CA 15-3, ETC.) CADA, DOSAGEM",Treino,4,1,ENDOCRINOLOGIA LABORATORIAL,Exames,Endocrinologia Laboratorial (Exames)
40316378,Rede D'or,68e91bae36bfc73aad2bbf5288c65131,0,2017-12-28,62.85,2017,2017-12,3.0,"MARCADORES TUMORAIS (CA 19.9, CA 125, CA 72-4, CA 15-3, ETC.) CADA, DOSAGEM",Treino,12,1,ENDOCRINOLOGIA LABORATORIAL,Exames,Endocrinologia Laboratorial (Exames)
40316408,Rede D'or,68e91bae36bfc73aad2bbf5288c65131,0,2017-12-28,32.98,2017,2017-12,3.0,"PROGESTERONA, PESQUISA E/OU DOSAGEM",Treino,12,1,ENDOCRINOLOGIA LABORATORIAL,Exames,Endocrinologia Laboratorial (Exames)
40316416,Rede D'or,ad5791c1e122deb7829724030c539e5b,0,2018-11-12,22.64,2018,2018-11,3.0,"PROLACTINA, DOSAGEM",Treino,11,1,ENDOCRINOLOGIA LABORATORIAL,Exames,Endocrinologia Laboratorial (Exames)
40316424,Rede D'or,35efaae352a35224a86b0afac09c58c6,0,2019-08-07,65.52,2019,2019-08,4.0,"PTH, DOSAGEM",Teste,8,1,ENDOCRINOLOGIA LABORATORIAL,Exames,Endocrinologia Laboratorial (Exames)
40316467,Rede D'or,2b617ace585e62a590d2f322a02429da,1,2019-10-21,22.34,2019,2019-10,4.0,"T3 LIVRE, DOSAGEM",Teste,10,1,ENDOCRINOLOGIA LABORATORIAL,Exames,Endocrinologia Laboratorial (Exames)
40316491,Rede D'or,2b617ace585e62a590d2f322a02429da,1,2017-11-19,25.19,2017,2017-11,3.0,"T4 LIVRE, DOSAGEM",Treino,11,1,ENDOCRINOLOGIA LABORATORIAL,Exames,Endocrinologia Laboratorial (Exames)
40316491,Rede D'or,def81392db738417e2a3ffa815901b3a,0,2017-11-12,15.72,2017,2017-11,3.0,"T4 LIVRE, DOSAGEM",Treino,11,1,ENDOCRINOLOGIA LABORATORIAL,Exames,Endocrinologia Laboratorial (Exames)
40316491,Rede D'or,35efaae352a35224a86b0afac09c58c6,0,2017-09-02,24.5,2017,2017-09,4.0,"T4 LIVRE, DOSAGEM",Treino,9,1,ENDOCRINOLOGIA LABORATORIAL,Exames,Endocrinologia Laboratorial (Exames)
40316491,Rede D'or,68e91bae36bfc73aad2bbf5288c65131,0,2017-12-28,26.68,2017,2017-12,3.0,"T4 LIVRE, DOSAGEM",Treino,12,1,ENDOCRINOLOGIA LABORATORIAL,Exames,Endocrinologia Laboratorial (Exames)
40316491,Rede D'or,ad5791c1e122deb7829724030c539e5b,0,2018-11-12,22.64,2018,2018-11,3.0,"T4 LIVRE, DOSAGEM",Treino,11,1,ENDOCRINOLOGIA LABORATORIAL,Exames,Endocrinologia Laboratorial (Exames)
40316491,Rede D'or,e71160773d49cf47c791505e535a13f8,1,2019-11-14,28.99,2019,2019-11,4.0,"T4 LIVRE, DOSAGEM",Teste,11,1,ENDOCRINOLOGIA LABORATORIAL,Exames,Endocrinologia Laboratorial (Exames)
40316505,Rede D'or,68e91bae36bfc73aad2bbf5288c65131,0,2017-12-28,47.13,2017,2017-12,3.0,"TESTOSTERONA LIVRE, DOSAGEM",Treino,12,1,ENDOCRINOLOGIA LABORATORIAL,Exames,Endocrinologia Laboratorial (Exames)
40316505,Rede D'or,2b617ace585e62a590d2f322a02429da,1,2019-10-21,47.18,2019,2019-10,4.0,"TESTOSTERONA LIVRE, DOSAGEM",Teste,10,1,ENDOCRINOLOGIA LABORATORIAL,Exames,Endocrinologia Laboratorial (Exames)
40316505,Rede D'or,def81392db738417e2a3ffa815901b3a,0,2019-02-27,28.67,2019,2019-02,3.0,"TESTOSTERONA LIVRE, DOSAGEM",Teste,2,1,ENDOCRINOLOGIA LABORATORIAL,Exames,Endocrinologia Laboratorial (Exames)
40316513,Rede D'or,68e91bae36bfc73aad2bbf5288c65131,0,2017-12-28,32.98,2017,2017-12,3.0,"TESTOSTERONA TOTAL, DOSAGEM",Treino,12,1,ENDOCRINOLOGIA LABORATORIAL,Exames,Endocrinologia Laboratorial (Exames)
40316521,Rede D'or,68e91bae36bfc73aad2bbf5288c65131,0,2017-12-28,26.68,2017,2017-12,3.0,"TIREOESTIMULANTE, HORMONIO (TSH), DOSAGEM",Treino,12,1,ENDOCRINOLOGIA LABORATORIAL,Exames,Endocrinologia Laboratorial (Exames)
40316521,Rede D'or,def81392db738417e2a3ffa815901b3a,0,2019-02-27,16.25,2019,2019-02,3.0,"TIREOESTIMULANTE, HORMONIO (TSH), DOSAGEM",Teste,2,1,ENDOCRINOLOGIA LABORATORIAL,Exames,Endocrinologia Laboratorial (Exames)
40316521,Rede D'or,2b617ace585e62a590d2f322a02429da,1,2017-11-19,25.19,2017,2017-11,3.0,"TIREOESTIMULANTE, HORMONIO (TSH), DOSAGEM",Treino,11,1,ENDOCRINOLOGIA LABORATORIAL,Exames,Endocrinologia Laboratorial (Exames)
40316521,Rede D'or,35efaae352a35224a86b0afac09c58c6,0,2017-09-02,24.5,2017,2017-09,4.0,"TIREOESTIMULANTE, HORMONIO (TSH), DOSAGEM",Treino,9,1,ENDOCRINOLOGIA LABORATORIAL,Exames,Endocrinologia Laboratorial (Exames)
40316521,Rede D'or,ad5791c1e122deb7829724030c539e5b,0,2018-11-12,22.64,2018,2018-11,3.0,"TIREOESTIMULANTE, HORMONIO (TSH), DOSAGEM",Treino,11,1,ENDOCRINOLOGIA LABORATORIAL,Exames,Endocrinologia Laboratorial (Exames)
40316548,Rede D'or,e71160773d49cf47c791505e535a13f8,1,2019-11-14,22.18,2019,2019-11,4.0,"TIROXINA (T4), DOSAGEM",Teste,11,1,ENDOCRINOLOGIA LABORATORIAL,Exames,Endocrinologia Laboratorial (Exames)
40316556,Rede D'or,ad5791c1e122deb7829724030c539e5b,0,2018-11-12,17.33,2018,2018-11,3.0,"TRIIODOTIRONINA (T3), DOSAGEM",Treino,11,1,ENDOCRINOLOGIA LABORATORIAL,Exames,Endocrinologia Laboratorial (Exames)
40316572,Rede D'or,def81392db738417e2a3ffa815901b3a,0,2017-11-12,15.72,2017,2017-11,3.0,"VITAMINA B12, DOSAGEM",Treino,11,1,ENDOCRINOLOGIA LABORATORIAL,Exames,Endocrinologia Laboratorial (Exames)
40316572,Rede D'or,2b617ace585e62a590d2f322a02429da,1,2019-10-21,26.72,2019,2019-10,4.0,"VITAMINA B12, DOSAGEM",Teste,10,1,ENDOCRINOLOGIA LABORATORIAL,Exames,Endocrinologia Laboratorial (Exames)
40601110,Rede D'or,ad5791c1e122deb7829724030c539e5b,0,2018-07-30,190.64,2018,2018-07,3.0,"PROCEDIMENTO DIAGNOSTICO EM BIOPSIA SIMPLES ""IMPRINT"" E ""CELL BLOCK""",Treino,7,1,PROCEDIMENTOS DIAGNÓSTICOS DE ANATOMIA PATOLÓGICA E CITOPATOLOGIA,Exames,Procedimentos Diagnósticos De Anatomia Patológica E Citopatologia (Exames)
40601110,Rede D'or,35efaae352a35224a86b0afac09c58c6,0,2019-04-26,63.82,2019,2019-04,4.0,"PROCEDIMENTO DIAGNOSTICO EM BIOPSIA SIMPLES ""IMPRINT"" E ""CELL BLOCK""",Teste,4,1,PROCEDIMENTOS DIAGNÓSTICOS DE ANATOMIA PATOLÓGICA E CITOPATOLOGIA,Exames,Procedimentos Diagnósticos De Anatomia Patológica E Citopatologia (Exames)
40601110,Rede D'or,e71160773d49cf47c791505e535a13f8,1,2019-06-07,216.25,2019,2019-06,4.0,"PROCEDIMENTO DIAGNOSTICO EM BIOPSIA SIMPLES ""IMPRINT"" E ""CELL BLOCK""",Teste,6,1,PROCEDIMENTOS DIAGNÓSTICOS DE ANATOMIA PATOLÓGICA E CITOPATOLOGIA,Exames,Procedimentos Diagnósticos De Anatomia Patológica E Citopatologia (Exames)
40601137,Rede D'or,ad5791c1e122deb7829724030c539e5b,0,2018-05-04,34.3,2018,2018-05,3.0,PROCEDIMENTO DIAGNOSTICO EM CITOPATOLOGIA CERVICO-VAGINAL ONCOTICA,Treino,5,1,PROCEDIMENTOS DIAGNÓSTICOS DE ANATOMIA PATOLÓGICA E CITOPATOLOGIA,Exames,Procedimentos Diagnósticos De Anatomia Patológica E Citopatologia (Exames)
40601137,Rede D'or,68e91bae36bfc73aad2bbf5288c65131,0,2018-01-05,30.62,2018,2018-01,3.0,PROCEDIMENTO DIAGNOSTICO EM CITOPATOLOGIA CERVICO-VAGINAL ONCOTICA,Treino,1,1,PROCEDIMENTOS DIAGNÓSTICOS DE ANATOMIA PATOLÓGICA E CITOPATOLOGIA,Exames,Procedimentos Diagnósticos De Anatomia Patológica E Citopatologia (Exames)
40601137,Rede D'or,def81392db738417e2a3ffa815901b3a,0,2018-04-05,29.32,2018,2018-04,3.0,PROCEDIMENTO DIAGNOSTICO EM CITOPATOLOGIA CERVICO-VAGINAL ONCOTICA,Treino,4,1,PROCEDIMENTOS DIAGNÓSTICOS DE ANATOMIA PATOLÓGICA E CITOPATOLOGIA,Exames,Procedimentos Diagnósticos De Anatomia Patológica E Citopatologia (Exames)
40601137,Rede D'or,35efaae352a35224a86b0afac09c58c6,0,2019-03-08,31.0,2019,2019-03,4.0,PROCEDIMENTO DIAGNOSTICO EM CITOPATOLOGIA CERVICO-VAGINAL ONCOTICA,Teste,3,1,PROCEDIMENTOS DIAGNÓSTICOS DE ANATOMIA PATOLÓGICA E CITOPATOLOGIA,Exames,Procedimentos Diagnósticos De Anatomia Patológica E Citopatologia (Exames)
40601161,Rede D'or,ad5791c1e122deb7829724030c539e5b,0,2018-05-04,32.01,2018,2018-05,3.0,PROCEDIMENTO DIAGNOSTICO EM CITOLOGIA HORMONAL ISOLADA,Treino,5,1,PROCEDIMENTOS DIAGNÓSTICOS DE ANATOMIA PATOLÓGICA E CITOPATOLOGIA,Exames,Procedimentos Diagnósticos De Anatomia Patológica E Citopatologia (Exames)
40601170,Rede D'or,ad5791c1e122deb7829724030c539e5b,0,2018-03-27,464.63,2018,2018-03,3.0,PROCEDIMENTO DIAGNOSTICO EM PAINEL DE IMUNOISTOQUIMICA (DUAS A CINCO REACOES),Treino,3,1,PROCEDIMENTOS DIAGNÓSTICOS DE ANATOMIA PATOLÓGICA E CITOPATOLOGIA,Exames,Procedimentos Diagnósticos De Anatomia Patológica E Citopatologia (Exames)
40601196,Rede D'or,ad5791c1e122deb7829724030c539e5b,0,2018-03-27,104.63,2018,2018-03,3.0,"PROCEDIMENTO DIAGNOSTICO EM FRAGMENTOS MULTIPLOS DE BIOPSIAS DE MESMO ORGAO OU TOPOGRAFIA, ACONDICIONADOS EM UM MESMO FRASCO",Treino,3,1,PROCEDIMENTOS DIAGNÓSTICOS DE ANATOMIA PATOLÓGICA E CITOPATOLOGIA,Exames,Procedimentos Diagnósticos De Anatomia Patológica E Citopatologia (Exames)
40601200,Rede D'or,def81392db738417e2a3ffa815901b3a,0,2018-10-31,0.0,2018,2018-10,3.0,PROCEDIMENTO DIAGNOSTICO EM PECA ANATOMICA OU CIRURGICA SIMPLES,Treino,10,1,PROCEDIMENTOS DIAGNÓSTICOS DE ANATOMIA PATOLÓGICA E CITOPATOLOGIA,Exames,Procedimentos Diagnósticos De Anatomia Patológica E Citopatologia (Exames)
40601200,Rede D'or,ad5791c1e122deb7829724030c539e5b,0,2017-08-08,361.9,2017,2017-08,3.0,PROCEDIMENTO DIAGNOSTICO EM PECA ANATOMICA OU CIRURGICA SIMPLES,Treino,8,1,PROCEDIMENTOS DIAGNÓSTICOS DE ANATOMIA PATOLÓGICA E CITOPATOLOGIA,Exames,Procedimentos Diagnósticos De Anatomia Patológica E Citopatologia (Exames)
40601200,Rede D'or,68e91bae36bfc73aad2bbf5288c65131,0,2018-01-05,92.81,2018,2018-01,3.0,PROCEDIMENTO DIAGNOSTICO EM PECA ANATOMICA OU CIRURGICA SIMPLES,Treino,1,1,PROCEDIMENTOS DIAGNÓSTICOS DE ANATOMIA PATOLÓGICA E CITOPATOLOGIA,Exames,Procedimentos Diagnósticos De Anatomia Patológica E Citopatologia (Exames)
40601269,Rede D'or,ad5791c1e122deb7829724030c539e5b,0,2018-07-30,28.81,2018,2018-07,3.0,COLORACAO ESPECIAL POR COLORACAO,Treino,7,1,PROCEDIMENTOS DIAGNÓSTICOS DE ANATOMIA PATOLÓGICA E CITOPATOLOGIA,Exames,Procedimentos Diagnósticos De Anatomia Patológica E Citopatologia (Exames)
40708128,Rede D'or,ad5791c1e122deb7829724030c539e5b,0,2018-04-20,3098.8,2018,2018-04,3.0,PET DEDICADO ONCOLOGICO,Treino,4,1,MEDICINA NUCLEAR ONCOLOGIA / INFECTOLOGIA - IN VIVO,Exames,Medicina Nuclear Oncologia / Infectologia - In Vivo (Exames)
40708128,Rede D'or,e71160773d49cf47c791505e535a13f8,1,2019-11-12,3840.19,2019,2019-11,4.0,PET DEDICADO ONCOLOGICO,Teste,11,1,MEDICINA NUCLEAR ONCOLOGIA / INFECTOLOGIA - IN VIVO,Exames,Medicina Nuclear Oncologia / Infectologia - In Vivo (Exames)
40801063,Rede D'or,ad5791c1e122deb7829724030c539e5b,0,2017-11-20,24.51,2017,2017-11,3.0,RX - SEIOS DA FACE,Treino,11,1,PROCEDIMENTOS DIAGNÓSTICOS DE CRÂNIO E FACE,Exames,Procedimentos Diagnósticos De Crânio E Face (Exames)
40801063,Rede D'or,def81392db738417e2a3ffa815901b3a,0,2019-01-02,18.0,2019,2019-01,3.0,RX - SEIOS DA FACE,Teste,1,1,PROCEDIMENTOS DIAGNÓSTICOS DE CRÂNIO E FACE,Exames,Procedimentos Diagnósticos De Crânio E Face (Exames)
40802043,Rede D'or,e71160773d49cf47c791505e535a13f8,1,2019-10-16,52.5,2019,2019-10,4.0,RX - COLUNA DORSAL - 4 INCIDENCIAS,Teste,10,1,PROCEDIMENTOS DIAGNÓSTICOS DA COLUNA VERTEBRAL,Exames,Procedimentos Diagnósticos Da Coluna Vertebral (Exames)
40802060,Rede D'or,e71160773d49cf47c791505e535a13f8,1,2019-10-16,55.2,2019,2019-10,4.0,RX - COLUNA LOMBO-SACRA - 5 INCIDENCIAS,Teste,10,1,PROCEDIMENTOS DIAGNÓSTICOS DA COLUNA VERTEBRAL,Exames,Procedimentos Diagnósticos Da Coluna Vertebral (Exames)
40802086,Rede D'or,e71160773d49cf47c791505e535a13f8,1,2018-05-24,39.44,2018,2018-05,4.0,RX - COLUNA DORSO-LOMBAR PARA ESCOLIOSE,Treino,5,1,PROCEDIMENTOS DIAGNÓSTICOS DA COLUNA VERTEBRAL,Exames,Procedimentos Diagnósticos Da Coluna Vertebral (Exames)
40804011,Rede D'or,e71160773d49cf47c791505e535a13f8,1,2019-10-16,34.56,2019,2019-10,4.0,RX - BACIA,Teste,10,1,PROCEDIMENTOS DIAGNÓSTICOS DA BACIA E MEMBROS INFERIORES,Exames,Procedimentos Diagnósticos Da Bacia E Membros Inferiores (Exames)
40804100,Rede D'or,2b617ace585e62a590d2f322a02429da,1,2017-12-22,36.86,2017,2017-12,3.0,RX - CALCANEO,Treino,12,1,PROCEDIMENTOS DIAGNÓSTICOS DA BACIA E MEMBROS INFERIORES,Exames,Procedimentos Diagnósticos Da Bacia E Membros Inferiores (Exames)
40805026,Rede D'or,ad5791c1e122deb7829724030c539e5b,0,2018-03-15,30.69,2018,2018-03,3.0,RX - TORAX - 2 INCIDENCIAS,Treino,3,1,PROCEDIMENTOS DIAGNÓSTICOS DO TÓRAX,Exames,Procedimentos Diagnósticos Do Tórax (Exames)
40805026,Rede D'or,35efaae352a35224a86b0afac09c58c6,0,2018-05-14,29.57,2018,2018-05,4.0,RX - TORAX - 2 INCIDENCIAS,Treino,5,1,PROCEDIMENTOS DIAGNÓSTICOS DO TÓRAX,Exames,Procedimentos Diagnósticos Do Tórax (Exames)
40805026,Rede D'or,2b617ace585e62a590d2f322a02429da,1,2017-12-22,42.12,2017,2017-12,3.0,RX - TORAX - 2 INCIDENCIAS,Treino,12,1,PROCEDIMENTOS DIAGNÓSTICOS DO TÓRAX,Exames,Procedimentos Diagnósticos Do Tórax (Exames)
40805026,Rede D'or,68e91bae36bfc73aad2bbf5288c65131,0,2019-09-03,30.7,2019,2019-09,3.0,RX - TORAX - 2 INCIDENCIAS,Teste,9,1,PROCEDIMENTOS DIAGNÓSTICOS DO TÓRAX,Exames,Procedimentos Diagnósticos Do Tórax (Exames)
40805026,Rede D'or,e71160773d49cf47c791505e535a13f8,1,2019-10-31,38.06,2019,2019-10,4.0,RX - TORAX - 2 INCIDENCIAS,Teste,10,1,PROCEDIMENTOS DIAGNÓSTICOS DO TÓRAX,Exames,Procedimentos Diagnósticos Do Tórax (Exames)
40808017,Rede D'or,def81392db738417e2a3ffa815901b3a,0,2018-12-18,18.0,2018,2018-12,3.0,RX - ABDOME SIMPLES,Treino,12,1,OUTROS EXAMES,Exames,Outros Exames (Exames)
40812073,Rede D'or,e71160773d49cf47c791505e535a13f8,1,2019-11-20,171.11,2019,2019-11,4.0,ANGIOGRAFIA POS-OPERATORIA DE CONTROLE,Teste,11,1,ANGIORRADIOLOGIA,Exames,Angiorradiologia (Exames)
40901106,Rede D'or,68e91bae36bfc73aad2bbf5288c65131,0,2017-12-28,263.73,2017,2017-12,3.0,ECODOPPLERCARDIOGRAMA TRANSTORACICO,Treino,12,1,ULTRA-SONOGRAFIA DIAGNÓSTICA,Exames,Ultra-Sonografia Diagnóstica (Exames)
40901106,Rede D'or,35efaae352a35224a86b0afac09c58c6,0,2018-06-07,252.0,2018,2018-06,4.0,ECODOPPLERCARDIOGRAMA TRANSTORACICO,Treino,6,1,ULTRA-SONOGRAFIA DIAGNÓSTICA,Exames,Ultra-Sonografia Diagnóstica (Exames)
40901106,Rede D'or,e71160773d49cf47c791505e535a13f8,1,2019-12-04,252.3,2019,2019-12,4.0,ECODOPPLERCARDIOGRAMA TRANSTORACICO,Teste,12,1,ULTRA-SONOGRAFIA DIAGNÓSTICA,Exames,Ultra-Sonografia Diagnóstica (Exames)
40901114,Rede D'or,68e91bae36bfc73aad2bbf5288c65131,0,2018-01-05,46.02,2018,2018-01,3.0,US - MAMAS,Treino,1,1,ULTRA-SONOGRAFIA DIAGNÓSTICA,Exames,Ultra-Sonografia Diagnóstica (Exames)
40901114,Rede D'or,35efaae352a35224a86b0afac09c58c6,0,2017-09-02,41.21,2017,2017-09,4.0,US - MAMAS,Treino,9,1,ULTRA-SONOGRAFIA DIAGNÓSTICA,Exames,Ultra-Sonografia Diagnóstica (Exames)
40901114,Rede D'or,ad5791c1e122deb7829724030c539e5b,0,2018-12-04,84.94,2018,2018-12,3.0,US - MAMAS,Treino,12,1,ULTRA-SONOGRAFIA DIAGNÓSTICA,Exames,Ultra-Sonografia Diagnóstica (Exames)
40901114,Rede D'or,def81392db738417e2a3ffa815901b3a,0,2019-02-27,17.27,2019,2019-02,3.0,US - MAMAS,Teste,2,1,ULTRA-SONOGRAFIA DIAGNÓSTICA,Exames,Ultra-Sonografia Diagnóstica (Exames)
40901122,Rede D'or,68e91bae36bfc73aad2bbf5288c65131,0,2018-01-05,131.01,2018,2018-01,3.0,"US - ABDOME TOTAL (ABDOME SUPERIOR, RINS, BEXIGA, AORTA, VEIA CAVA INFERIOR E ADRENAIS)",Treino,1,1,ULTRA-SONOGRAFIA DIAGNÓSTICA,Exames,Ultra-Sonografia Diagnóstica (Exames)
40901122,Rede D'or,def81392db738417e2a3ffa815901b3a,0,2019-02-27,74.8,2019,2019-02,3.0,"US - ABDOME TOTAL (ABDOME SUPERIOR, RINS, BEXIGA, AORTA, VEIA CAVA INFERIOR E ADRENAIS)",Teste,2,1,ULTRA-SONOGRAFIA DIAGNÓSTICA,Exames,Ultra-Sonografia Diagnóstica (Exames)
40901122,Rede D'or,35efaae352a35224a86b0afac09c58c6,0,2017-09-02,120.83,2017,2017-09,4.0,"US - ABDOME TOTAL (ABDOME SUPERIOR, RINS, BEXIGA, AORTA, VEIA CAVA INFERIOR E ADRENAIS)",Treino,9,1,ULTRA-SONOGRAFIA DIAGNÓSTICA,Exames,Ultra-Sonografia Diagnóstica (Exames)
40901122,Rede D'or,ad5791c1e122deb7829724030c539e5b,0,2018-05-18,165.35,2018,2018-05,3.0,"US - ABDOME TOTAL (ABDOME SUPERIOR, RINS, BEXIGA, AORTA, VEIA CAVA INFERIOR E ADRENAIS)",Treino,5,1,ULTRA-SONOGRAFIA DIAGNÓSTICA,Exames,Ultra-Sonografia Diagnóstica (Exames)
40901130,Rede D'or,35efaae352a35224a86b0afac09c58c6,0,2018-01-24,84.7,2018,2018-01,4.0,"US - ABDOME SUPERIOR (FIGADO, VIAS BILIARES, VESICULA, PANCREAS E BACO)",Treino,1,1,ULTRA-SONOGRAFIA DIAGNÓSTICA,Exames,Ultra-Sonografia Diagnóstica (Exames)
40901130,Rede D'or,def81392db738417e2a3ffa815901b3a,0,2017-11-18,51.2,2017,2017-11,3.0,"US - ABDOME SUPERIOR (FIGADO, VIAS BILIARES, VESICULA, PANCREAS E BACO)",Treino,11,1,ULTRA-SONOGRAFIA DIAGNÓSTICA,Exames,Ultra-Sonografia Diagnóstica (Exames)
40901157,Rede D'or,35efaae352a35224a86b0afac09c58c6,0,2017-09-02,52.8,2017,2017-09,4.0,"APARELHO URINARIO FEMININO (RINS, URETERES E BEXIGA)",Treino,9,1,ULTRA-SONOGRAFIA DIAGNÓSTICA,Exames,Ultra-Sonografia Diagnóstica (Exames)
40901181,Rede D'or,def81392db738417e2a3ffa815901b3a,0,2017-11-18,43.2,2017,2017-11,3.0,"US - ABDOME INFERIOR FEMININO (BEXIGA, UTERO, OVARIO E ANEXOS)",Treino,11,1,ULTRA-SONOGRAFIA DIAGNÓSTICA,Exames,Ultra-Sonografia Diagnóstica (Exames)
40901203,Rede D'or,def81392db738417e2a3ffa815901b3a,0,2019-02-27,34.0,2019,2019-02,3.0,US - ORGAOS SUPERFICIAIS (TIREOIDE OU ESCROTO OU PENIS OU CRANIO),Teste,2,1,ULTRA-SONOGRAFIA DIAGNÓSTICA,Exames,Ultra-Sonografia Diagnóstica (Exames)
40901211,Rede D'or,35efaae352a35224a86b0afac09c58c6,0,2017-09-02,41.21,2017,2017-09,4.0,US - ESTRUTURAS SUPERFICIAIS (CERVICAL OU AXILAS OU MUSCULO OU TENDAO),Treino,9,1,ULTRA-SONOGRAFIA DIAGNÓSTICA,Exames,Ultra-Sonografia Diagnóstica (Exames)
40901211,Rede D'or,def81392db738417e2a3ffa815901b3a,0,2018-03-24,32.0,2018,2018-03,3.0,US - ESTRUTURAS SUPERFICIAIS (CERVICAL OU AXILAS OU MUSCULO OU TENDAO),Treino,3,1,ULTRA-SONOGRAFIA DIAGNÓSTICA,Exames,Ultra-Sonografia Diagnóstica (Exames)
40901300,Rede D'or,def81392db738417e2a3ffa815901b3a,0,2018-08-10,32.13,2018,2018-08,3.0,"US - TRANSVAGINAL (UTERO, OVARIOS, ANEXOS E VAGINA)",Treino,8,1,ULTRA-SONOGRAFIA DIAGNÓSTICA,Exames,Ultra-Sonografia Diagnóstica (Exames)
40901300,Rede D'or,35efaae352a35224a86b0afac09c58c6,0,2017-09-02,48.59,2017,2017-09,4.0,"US - TRANSVAGINAL (UTERO, OVARIOS, ANEXOS E VAGINA)",Treino,9,1,ULTRA-SONOGRAFIA DIAGNÓSTICA,Exames,Ultra-Sonografia Diagnóstica (Exames)
40901300,Rede D'or,ad5791c1e122deb7829724030c539e5b,0,2018-05-18,69.07,2018,2018-05,3.0,"US - TRANSVAGINAL (UTERO, OVARIOS, ANEXOS E VAGINA)",Treino,5,1,ULTRA-SONOGRAFIA DIAGNÓSTICA,Exames,Ultra-Sonografia Diagnóstica (Exames)
40901300,Rede D'or,68e91bae36bfc73aad2bbf5288c65131,0,2018-01-05,54.02,2018,2018-01,3.0,"US - TRANSVAGINAL (UTERO, OVARIOS, ANEXOS E VAGINA)",Treino,1,1,ULTRA-SONOGRAFIA DIAGNÓSTICA,Exames,Ultra-Sonografia Diagnóstica (Exames)
40901360,Rede D'or,35efaae352a35224a86b0afac09c58c6,0,2018-06-07,87.19,2018,2018-06,4.0,DOPPLER COLORIDO DE VASOS CERVICAIS ARTERIAIS BILATERAL (CAROTIDAS E VERTEBRAIS),Treino,6,1,ULTRA-SONOGRAFIA DIAGNÓSTICA,Exames,Ultra-Sonografia Diagnóstica (Exames)
40901386,Rede D'or,def81392db738417e2a3ffa815901b3a,0,2018-03-24,58.06,2018,2018-03,3.0,DOPPLER COLORIDO DE ORGAO OU ESTRUTURA ISOLADA,Treino,3,1,ULTRA-SONOGRAFIA DIAGNÓSTICA,Exames,Ultra-Sonografia Diagnóstica (Exames)
40901467,Rede D'or,e71160773d49cf47c791505e535a13f8,1,2019-11-20,135.78,2019,2019-11,4.0,DOPPLER COLORIDO VENOSO DE MEMBRO SUPERIOR - UNILATERAL,Teste,11,1,ULTRA-SONOGRAFIA DIAGNÓSTICA,Exames,Ultra-Sonografia Diagnóstica (Exames)
40901483,Rede D'or,def81392db738417e2a3ffa815901b3a,0,2019-02-11,510.45,2019,2019-02,3.0,DOPPLER COLORIDO VENOSO DE MEMBRO INFERIOR - UNILATERAL,Teste,2,1,ULTRA-SONOGRAFIA DIAGNÓSTICA,Exames,Ultra-Sonografia Diagnóstica (Exames)
40902064,Rede D'or,e71160773d49cf47c791505e535a13f8,1,2019-11-20,167.14,2019,2019-11,4.0,DOPPLER COLORIDO INTRA-OPERATORIO,Teste,11,1,ULTRA-SONOGRAFIA INTERVENCIONISTA,Exames,Ultra-Sonografia Intervencionista (Exames)
41001010,Rede D'or,ad5791c1e122deb7829724030c539e5b,0,2018-08-07,135.7,2018,2018-08,3.0,TC - CRANIO OU SELA TURCICA OU ORBITAS,Treino,8,1,TOMOGRAFIA COMPUTADORIZADA DIAGNÓSTICA,Exames,Tomografia Computadorizada Diagnóstica (Exames)
41001028,Rede D'or,35efaae352a35224a86b0afac09c58c6,0,2018-02-24,284.59,2018,2018-02,4.0,TC - MASTOIDES OU ORELHAS,Treino,2,1,TOMOGRAFIA COMPUTADORIZADA DIAGNÓSTICA,Exames,Tomografia Computadorizada Diagnóstica (Exames)
41001036,Rede D'or,ad5791c1e122deb7829724030c539e5b,0,2018-02-10,250.06,2018,2018-02,3.0,TC - FACE OU SEIOS DA FACE,Treino,2,1,TOMOGRAFIA COMPUTADORIZADA DIAGNÓSTICA,Exames,Tomografia Computadorizada Diagnóstica (Exames)
41001079,Rede D'or,ad5791c1e122deb7829724030c539e5b,0,2018-04-13,297.66,2018,2018-04,3.0,TC - TORAX,Treino,4,1,TOMOGRAFIA COMPUTADORIZADA DIAGNÓSTICA,Exames,Tomografia Computadorizada Diagnóstica (Exames)
41001095,Rede D'or,ad5791c1e122deb7829724030c539e5b,0,2018-08-07,516.63,2018,2018-08,3.0,"TC - ABDOME TOTAL (ABDOME SUPERIOR, PELVE E RETROPERITONIO)",Treino,8,1,TOMOGRAFIA COMPUTADORIZADA DIAGNÓSTICA,Exames,Tomografia Computadorizada Diagnóstica (Exames)
41001095,Rede D'or,35efaae352a35224a86b0afac09c58c6,0,2019-06-08,62.69,2019,2019-06,4.0,"TC - ABDOME TOTAL (ABDOME SUPERIOR, PELVE E RETROPERITONIO)",Teste,6,1,TOMOGRAFIA COMPUTADORIZADA DIAGNÓSTICA,Exames,Tomografia Computadorizada Diagnóstica (Exames)
41001125,Rede D'or,ad5791c1e122deb7829724030c539e5b,0,2018-05-08,170.49,2018,2018-05,3.0,TC - COLUNA CERVICAL OU DORSAL OU LOMBO-SACRA (ATE 3 SEGMENTOS),Treino,5,1,TOMOGRAFIA COMPUTADORIZADA DIAGNÓSTICA,Exames,Tomografia Computadorizada Diagnóstica (Exames)
41001176,Rede D'or,ad5791c1e122deb7829724030c539e5b,0,2018-05-08,446.3,2018,2018-05,3.0,ANGIOTOMOGRAFIA DE AORTA TORACICA,Treino,5,1,TOMOGRAFIA COMPUTADORIZADA DIAGNÓSTICA,Exames,Tomografia Computadorizada Diagnóstica (Exames)
41101014,Rede D'or,ad5791c1e122deb7829724030c539e5b,0,2018-06-19,535.62,2018,2018-06,3.0,RM - CRANIO (ENCEFALO),Treino,6,1,RESSONÂNCIA MAGNÉTICA DIAGNÓSTICA,Exames,Ressonância Magnética Diagnóstica (Exames)
41101090,Rede D'or,ad5791c1e122deb7829724030c539e5b,0,2018-06-19,403.3,2018,2018-06,3.0,RM - FACE (INCLUI SEIOS DA FACE),Treino,6,1,RESSONÂNCIA MAGNÉTICA DIAGNÓSTICA,Exames,Ressonância Magnética Diagnóstica (Exames)
41101111,Rede D'or,ad5791c1e122deb7829724030c539e5b,0,2018-06-19,441.77,2018,2018-06,3.0,"RM - PESCOCO (NASOFARINGE, OROFARINGE, LARINGE, TRAQUEIA, TIREOIDE, PARATIREOIDE)",Treino,6,1,RESSONÂNCIA MAGNÉTICA DIAGNÓSTICA,Exames,Ressonância Magnética Diagnóstica (Exames)
41101189,Rede D'or,def81392db738417e2a3ffa815901b3a,0,2018-07-08,96.0,2018,2018-07,3.0,RM - PELVE (NAO INCLUI ARTICULACOES COXOFEMORAIS),Treino,7,1,RESSONÂNCIA MAGNÉTICA DIAGNÓSTICA,Exames,Ressonância Magnética Diagnóstica (Exames)
41101227,Rede D'or,ad5791c1e122deb7829724030c539e5b,0,2018-06-19,883.54,2018,2018-06,3.0,RM - COLUNA CERVICAL OU DORSAL OU LOMBAR,Treino,6,1,RESSONÂNCIA MAGNÉTICA DIAGNÓSTICA,Exames,Ressonância Magnética Diagnóstica (Exames)
41101227,Rede D'or,e71160773d49cf47c791505e535a13f8,1,2019-10-02,675.05,2019,2019-10,4.0,RM - COLUNA CERVICAL OU DORSAL OU LOMBAR,Teste,10,1,RESSONÂNCIA MAGNÉTICA DIAGNÓSTICA,Exames,Ressonância Magnética Diagnóstica (Exames)
41203054,Rede D'or,ad5791c1e122deb7829724030c539e5b,0,2018-07-09,17778.76,2018,2018-07,3.0,RADIOTERAPIA  COM MODULACAO DA INTENSIDADE DO FEIXE (IMRT) - POR TRATAMENTO,Treino,7,1,PROCEDIMENTOS / TÉCNICAS DE RADIOTERAPIA EXTERNA,Tratamento,Procedimentos / Técnicas De Radioterapia Externa (Tratamento)
41301080,Rede D'or,35efaae352a35224a86b0afac09c58c6,0,2018-02-05,128.62,2018,2018-02,4.0,CERATOSCOPIA COMPUTADORIZADA - MONOCULAR,Treino,2,1,PROCEDIMENTOS / EXAMES ESPECÍFICOS,Exames,Procedimentos / Exames Específicos (Exames)
41301099,Rede D'or,def81392db738417e2a3ffa815901b3a,0,2018-04-05,8.0,2018,2018-04,3.0,COLETA DE MATERIAL CERVICO-VAGINAL,Treino,4,1,PROCEDIMENTOS / EXAMES ESPECÍFICOS,Exames,Procedimentos / Exames Específicos (Exames)
41301099,Rede D'or,ad5791c1e122deb7829724030c539e5b,0,2018-05-03,7.72,2018,2018-05,3.0,COLETA DE MATERIAL CERVICO-VAGINAL,Treino,5,1,PROCEDIMENTOS / EXAMES ESPECÍFICOS,Exames,Procedimentos / Exames Específicos (Exames)
41301102,Rede D'or,68e91bae36bfc73aad2bbf5288c65131,0,2018-01-05,23.44,2018,2018-01,3.0,COLPOSCOPIA (CERVICE UTERINA E VAGINA),Treino,1,1,PROCEDIMENTOS / EXAMES ESPECÍFICOS,Exames,Procedimentos / Exames Específicos (Exames)
41301102,Rede D'or,35efaae352a35224a86b0afac09c58c6,0,2019-03-08,23.73,2019,2019-03,4.0,COLPOSCOPIA (CERVICE UTERINA E VAGINA),Teste,3,1,PROCEDIMENTOS / EXAMES ESPECÍFICOS,Exames,Procedimentos / Exames Específicos (Exames)
41301188,Rede D'or,def81392db738417e2a3ffa815901b3a,0,2018-04-05,16.0,2018,2018-04,3.0,EXAME A FRESCO DO CONTEUDO VAGINAL E CERVICAL,Treino,4,1,PROCEDIMENTOS / EXAMES ESPECÍFICOS,Exames,Procedimentos / Exames Específicos (Exames)
41301250,Rede D'or,ad5791c1e122deb7829724030c539e5b,0,2017-12-07,49.58,2017,2017-12,3.0,MAPEAMENTO DE RETINA (OFTALMOSCOPIA INDIRETA) - MONOCULAR,Treino,12,1,PROCEDIMENTOS / EXAMES ESPECÍFICOS,Exames,Procedimentos / Exames Específicos (Exames)
41301250,Rede D'or,e71160773d49cf47c791505e535a13f8,1,2019-05-29,48.64,2019,2019-05,4.0,MAPEAMENTO DE RETINA (OFTALMOSCOPIA INDIRETA) - MONOCULAR,Teste,5,1,PROCEDIMENTOS / EXAMES ESPECÍFICOS,Exames,Procedimentos / Exames Específicos (Exames)
41301269,Rede D'or,35efaae352a35224a86b0afac09c58c6,0,2018-02-05,180.06,2018,2018-02,4.0,MICROSCOPIA ESPECULAR DE CORNEA - MONOCULAR,Treino,2,1,PROCEDIMENTOS / EXAMES ESPECÍFICOS,Exames,Procedimentos / Exames Específicos (Exames)
41301323,Rede D'or,35efaae352a35224a86b0afac09c58c6,0,2018-02-05,8.91,2018,2018-02,4.0,TONOMETRIA - BINOCULAR,Treino,2,1,PROCEDIMENTOS / EXAMES ESPECÍFICOS,Exames,Procedimentos / Exames Específicos (Exames)
41301323,Rede D'or,ad5791c1e122deb7829724030c539e5b,0,2017-12-07,12.39,2017,2017-12,3.0,TONOMETRIA - BINOCULAR,Treino,12,1,PROCEDIMENTOS / EXAMES ESPECÍFICOS,Exames,Procedimentos / Exames Específicos (Exames)
41301323,Rede D'or,e71160773d49cf47c791505e535a13f8,1,2019-05-29,12.15,2019,2019-05,4.0,TONOMETRIA - BINOCULAR,Teste,5,1,PROCEDIMENTOS / EXAMES ESPECÍFICOS,Exames,Procedimentos / Exames Específicos (Exames)
41301374,Rede D'or,68e91bae36bfc73aad2bbf5288c65131,0,2018-01-05,23.44,2018,2018-01,3.0,VULVOSCOPIA (VULVA E PERINEO),Treino,1,1,PROCEDIMENTOS / EXAMES ESPECÍFICOS,Exames,Procedimentos / Exames Específicos (Exames)
41301374,Rede D'or,35efaae352a35224a86b0afac09c58c6,0,2019-03-08,23.73,2019,2019-03,4.0,VULVOSCOPIA (VULVA E PERINEO),Teste,3,1,PROCEDIMENTOS / EXAMES ESPECÍFICOS,Exames,Procedimentos / Exames Específicos (Exames)
41401514,Rede D'or,ad5791c1e122deb7829724030c539e5b,0,2018-09-04,11.94,2018,2018-09,3.0,OXIMETRIA NAO INVASIVA,Treino,9,1,PROCEDIMENTOS / TESTES PARA DIAGNÓSTICO,Exames,Procedimentos / Testes Para Diagnóstico (Exames)
41501128,Rede D'or,35efaae352a35224a86b0afac09c58c6,0,2018-02-05,77.16,2018,2018-02,4.0,PAQUIMETRIA ULTRASSONICA - MONOCULAR,Treino,2,1,OUTROS PROCEDIMENTOS DIAGNÓSTICOS,Exames,Outros Procedimentos Diagnósticos (Exames)
41501144,Rede D'or,68e91bae36bfc73aad2bbf5288c65131,0,2018-03-05,199.99,2018,2018-03,3.0,TOMOGRAFIA DE COERENCIA OPTICA - MONOCULAR,Treino,3,1,OUTROS PROCEDIMENTOS DIAGNÓSTICOS,Exames,Outros Procedimentos Diagnósticos (Exames)
